Driver,Wins,AvgStart,AvgMidRace,AvgFinish,AvgPos,PassDiff,GreenFlagPasses,GreenFlagPassed,QualityPasses,PercentQualityPasses,NumFastestLaps,LapsInTop15,PercentLapsInTop15,LapsLed,PercentLapsLed,TotalLaps,DriverRating,Points,Year
Joey Logano,2,10.9,13.5,13.9,11.9,175,2950,2775,1732,58.7,214,5746,75.1,538,7.0,7647,89.5,3071,2022
Ross Chastain,2,14.6,13.2,14.2,12.4,94,2793,2699,1616,57.9,388,5691,76.7,585,7.9,7415,92.8,3059,2022
Kyle Larson,2,8.0,14.4,13.6,12.6,268,2774,2506,1691,61.0,376,5806,79.7,360,4.9,7282,91.8,3057,2022
Ryan Blaney,0,10.5,11.4,13.8,12.1,215,2686,2471,1675,62.4,259,5571,76.8,457,6.3,7252,91.5,3056,2022
Denny Hamlin,2,12.2,16.5,16.1,13.8,383,3144,2761,1854,59.0,338,5306,72.4,392,5.3,7332,87.9,3049,2022
Chase Elliott,4,11.0,10.9,11.9,11.2,299,3064,2765,1886,61.6,391,5747,80.0,763,10.6,7180,99.3,3045,2022
Daniel Su<e1>rez,1,15.5,16.4,16.3,16.2,-79,2919,2998,1394,47.8,199,3485,46.8,247,3.3,7442,77.3,3045,2022
Chase Briscoe,1,13.7,17.6,18.5,17.7,-71,2999,3070,1128,37.6,179,3598,48.1,238,3.2,7488,69.5,3041,2022
Austin Cindric,1,12.0,20.2,15.7,17.8,-209,2668,2877,1073,40.2,85,3270,47.1,78,1.1,6943,72.9,3034,2022
William Byron,2,13.4,14.2,16.5,13.2,74,2606,2532,1574,60.4,282,5630,77.8,713,9.9,7232,88.8,3033,2022
Christopher Bell,1,10.3,14.1,14.2,13.1,119,2475,2356,1603,64.8,374,5583,76.0,417,5.7,7343,91.6,3016,2022
Alex Bowman,1,13.6,18.3,16.2,16.2,-20,2852,2872,1611,56.5,191,4404,63.9,136,2.0,6891,78.9,3015,2022
Tyler Reddick,3,9.4,15.5,16.6,15.0,-11,2576,2587,1317,51.1,287,4055,57.1,439,6.2,7104,88.7,2107,2022
Austin Dillon,1,19.1,18.2,17.1,18.7,-254,2809,3063,1073,38.2,98,2852,39.8,24,0.3,7163,67.4,2083,2022
Kyle Busch,1,13.0,15.2,16.6,14.7,356,3061,2705,1578,51.6,390,4920,71.9,624,9.1,6839,86.6,2068,2022
Kevin Harvick,2,18.0,14.0,14.9,15.0,7,2924,2917,1482,50.7,189,5072,69.5,115,1.6,7297,80.2,2063,2022
Martin Truex Jr.,0,14.3,12.8,15.0,12.6,166,3194,3028,1778,55.7,410,5415,74.1,543,7.4,7312,88.1,869,2022
Erik Jones,1,20.6,14.4,16.7,16.2,220,3513,3293,1576,44.9,94,3705,48.8,123,1.6,7593,73.9,689,2022
Bubba Wallace,1,18.3,17.6,18.4,17.7,96,3096,3000,1343,43.4,132,3499,47.6,121,1.6,7345,70.9,657,2022
Aric Almirola,0,19.3,18.6,18.0,19.2,-102,3200,3302,1172,36.6,106,3261,43.6,45,0.6,7471,65.0,640,2022
Chris Buescher,1,15.4,17.2,18.0,17.1,-261,2598,2859,1138,43.8,179,3583,50.8,193,2.7,7053,74.0,606,2022
Justin Haley,0,22.1,19.8,18.2,21.7,60,3102,3042,947,30.5,64,1815,24.1,28,0.4,7524,59.8,584,2022
Michael McDowell,0,16.9,18.4,16.5,18.1,-147,2549,2696,936,36.7,88,2676,34.6,67,0.9,7735,69.1,548,2022
Brad Keselowski,0,19.1,18.5,18.7,19.0,105,2839,2734,1014,35.7,147,3190,43.4,224,3.0,7346,67.4,528,2022
Cole Custer,0,19.0,21.2,20.8,20.1,-440,2634,3074,681,25.9,60,2184,31.0,10,0.1,7048,61.3,521,2022
Ricky Stenhouse Jr.,0,25.1,20.1,23.0,21.0,250,3143,2893,1138,36.2,96,2313,33.8,76,1.1,6841,61.5,486,2022
Kurt Busch,1,15.0,17.6,16.9,16.6,237,2137,1900,1163,54.4,176,2835,58.4,182,3.7,4855,76.7,485,2022
Harrison Burton,0,23.8,21.8,22.7,23.2,-129,2870,2999,655,22.8,24,1073,14.9,35,0.5,7192,52.2,482,2022
Ty Dillon,0,26.2,21.2,21.7,22.6,-288,2722,3010,482,17.7,25,1043,14.8,2,0.0,7032,53.8,460,2022
Todd Gilliland,0,27.0,22.6,23.4,23.9,-266,2680,2946,539,20.1,29,737,9.7,10,0.1,7609,50.4,444,2022
Corey LaJoie,0,28.2,25.9,24.8,25.6,-96,2626,2722,452,17.2,32,695,10.8,30,0.5,6463,48.2,377,2022
Cody Ware,0,32.7,29.5,27.4,30.1,-173,1255,1428,54,4.3,17,128,1.8,1,0.0,7056,35.3,271,2022
David Ragan,0,34.8,24.3,14.8,25.1,-75,508,583,44,8.7,27,59,6.8,0,0.0,872,51.2,89,2022
Joey Hand,0,21.6,19.4,27.2,21.0,-39,322,361,57,17.7,2,105,25.8,2,0.5,407,61.0,63,2022
Greg Biffle,0,32.6,25.8,32.4,32.4,-65,257,322,6,2.3,12,23,2.9,1,0.1,784,32.7,24,2022
Jacques Villeneuve,0,40.0,30.0,22.0,29.5,-5,50,55,0,0.0,6,2,1.0,0,0.0,198,42.7,15,2022
Boris Said,0,37.0,36.0,26.0,34.4,-8,50,58,0,0.0,0,0,0.0,0,0.0,69,32.5,11,2022
Kyle Tilley,0,37.0,30.0,34.5,34.9,19,97,78,2,2.1,0,1,1.3,0,0.0,76,26.3,8,2022
Mike Rockenfeller,0,33.0,31.0,30.0,25.2,-15,99,114,16,16.2,0,16,17.8,0,0.0,90,47.3,7,2022
Daniil Kvyat,0,36.0,37.0,36.0,35.4,15,71,56,1,1.4,0,0,0.0,0,0.0,101,27.8,2,2022
Kimi Raikkonen,0,27.0,35.0,37.0,27.5,-25,48,73,6,12.5,0,16,36.4,0,0.0,44,45.8,1,2022
Daniel Hemric,0,19.0,26.9,22.7,26.1,-10,685,695,249,36.4,13,191,13.4,0,0.0,1421,54.8,0,2022
Landon Cassill,0,31.3,28.0,22.4,28.1,-109,707,816,72,10.2,19,88,2.4,1,0.0,3650,42.0,0,2022
Kaz Grala,0,33.3,31.0,24.7,31.0,-25,140,165,1,0.7,1,1,0.2,0,0.0,665,38.1,0,2022
BJ McLeod,0,34.2,30.6,28.6,31.7,-17,720,737,24,3.3,19,81,1.4,8,0.1,5754,31.6,0,2022
Noah Gragson,0,27.4,21.3,24.2,24.2,18,1340,1322,227,16.9,31,473,16.8,0,0.0,2819,49.0,0,2022
Garrett Smithley,0,33.2,31.2,26.6,30.8,-42,81,123,7,8.6,1,22,1.6,0,0.0,1358,32.4,0,2022
Josh Bilicki,0,32.4,28.1,29.2,30.5,4,607,603,29,4.8,4,73,2.5,0,0.0,2949,34.0,0,2022
AJ Allmendinger,0,21.2,17.8,17.4,18.2,-10,879,889,271,30.8,33,1000,31.3,5,0.2,3191,71.2,0,2022
Loris Hezemans,0,35.0,32.3,35.3,33.2,-45,160,205,2,1.3,0,12,6.2,0,0.0,194,30.3,0,2022
Andy Lally,0,39.0,39.0,39.0,37.9,5,21,16,0,0.0,0,0,0.0,0,0.0,19,25.3,0,2022
J.J. Yeley,0,32.6,30.6,29.6,31.0,-56,452,508,5,1.1,12,31,0.8,2,0.1,3903,33.4,0,2022
Josh Williams,0,36.5,30.5,25.0,29.7,20,143,123,0,0.0,0,1,0.3,0,0.0,336,37.1,0,2022
Justin Allgaier,0,27.0,36.0,36.0,33.5,-8,27,35,0,0.0,0,0,0.0,0,0.0,74,32.3,0,2022
Ryan Preece,0,19.5,32.0,31.0,28.3,-6,81,87,1,1.2,4,18,4.3,0,0.0,414,41.8,0,2022
Zane Smith,0,32.0,23.0,17.0,24.1,6,70,64,0,0.0,0,2,0.8,0,0.0,245,48.7,0,2022
Parker Kligerman,0,36.0,34.0,31.0,33.0,-1,13,14,0,0.0,0,0,0.0,0,0.0,245,29.5,0,2022
Scott Heckert,0,35.0,32.0,33.0,32.3,21,61,40,2,3.3,0,3,2.8,0,0.0,109,26.3,0,2022
Ty Gibbs,0,17.8,27.1,22.4,24.2,-95,823,918,144,17.5,21,428,22.2,2,0.1,1930,53.2,0,2022
Austin Hill,0,31.0,8.0,18.0,22.5,7,80,73,12,15.0,0,21,10.5,0,0.0,200,53.3,0,2022
Kyle Larson,10,6.1,10.3,9.1,8.6,389,2643,2254,1591,60.2,1288,7677,85.3,2581,28.7,9000,112.4,5040,2021
Martin Truex Jr.,4,8.4,11.2,12.1,10.9,154,3440,3286,1853,53.9,610,7370,80.7,865,9.5,9134,97.6,5035,2021
Denny Hamlin,2,6.4,8.1,8.5,7.4,174,2803,2629,1770,63.1,703,8215,89.3,1502,16.3,9196,109.4,5034,2021
Chase Elliott,2,8.1,9.8,10.7,9.5,398,3595,3197,2198,61.1,587,7740,85.5,952,10.5,9050,102.3,5032,2021
Kevin Harvick,0,9.7,13.5,10.9,11.3,44,3368,3324,1956,58.1,309,7453,81.5,217,2.4,9150,92.5,2361,2021
Brad Keselowski,1,11.4,12.3,13.0,13.0,65,3425,3360,1908,55.7,301,6702,74.0,331,3.7,9062,87.9,2354,2021
Ryan Blaney,3,9.6,12.9,11.9,11.9,13,3012,2999,1739,57.7,298,7194,82.5,423,4.9,8721,91.8,2350,2021
Joey Logano,1,9.2,12.7,12.7,10.7,16,2993,2977,1846,61.7,199,7461,82.9,453,5.0,8995,95.1,2336,2021
Kyle Busch,2,10.4,11.4,12.8,11.6,201,3394,3193,2066,60.9,340,6828,79.0,334,3.9,8647,96.9,2318,2021
William Byron,1,8.7,8.9,13.7,10.3,166,3465,3299,1999,57.7,484,7521,83.9,425,4.7,8962,97.6,2306,2021
Kurt Busch,1,14.6,14.1,15.5,15.0,80,3012,2932,1496,49.7,264,5205,63.8,208,2.5,8163,82.7,2297,2021
Christopher Bell,1,11.5,13.3,15.8,13.9,-45,3610,3655,1995,55.3,297,6159,69.1,100,1.1,8911,85.5,2279,2021
Tyler Reddick,0,15.4,12.2,15.1,14.3,70,3494,3424,1553,44.4,167,5443,59.5,43,0.5,9141,81.4,2250,2021
Alex Bowman,4,13.7,13.6,15.1,14.3,176,3391,3215,1704,50.3,314,6148,72.3,161,1.9,8499,84.2,2240,2021
Aric Almirola,1,19.1,18.7,20.0,19.7,-165,2885,3050,785,27.2,99,3527,42.5,51,0.6,8299,66.6,2215,2021
Michael McDowell,1,17.4,21.6,20.5,21.4,-79,3113,3192,675,21.7,70,1167,13.6,26,0.3,8565,61.8,2152,2021
Austin Dillon,0,15.5,16.3,14.5,15.3,73,3578,3505,1705,47.7,105,5462,60.0,27,0.3,9105,79.8,935,2021
Matt DiBenedetto,0,18.2,17.5,16.9,16.8,-204,3131,3335,1238,39.5,67,4166,46.4,68,0.8,8985,73.4,775,2021
Chris Buescher,0,18.1,17.9,16.3,17.9,-227,3401,3628,1374,40.4,101,3459,39.4,93,1.1,8769,71.2,771,2021
Ross Chastain,0,19.8,18.5,18.6,17.8,27,3433,3406,1399,40.8,121,3626,41.1,62,0.7,8827,74.0,729,2021
Bubba Wallace,1,19.9,20.0,19.7,19.9,-67,3550,3617,1241,35.0,84,3125,36.6,62,0.7,8528,66.9,699,2021
Ricky Stenhouse Jr.,0,18.4,20.4,19.8,19.5,245,3658,3413,1211,33.1,121,3079,36.1,35,0.4,8532,67.0,666,2021
Chase Briscoe,0,22.2,20.6,19.7,20.2,-140,3591,3731,821,22.9,42,1893,21.3,18,0.2,8872,64.1,655,2021
Erik Jones,0,22.7,21.4,19.7,20.8,10,3348,3338,771,23.0,96,1906,21.7,9,0.1,8779,62.8,641,2021
Daniel Su<e1>rez,0,20.1,20.0,20.1,21.8,-138,2846,2984,623,21.9,109,2205,25.0,74,0.8,8826,63.2,634,2021
Cole Custer,0,21.7,21.5,21.4,20.8,-97,3461,3558,1027,29.7,56,1759,20.0,9,0.1,8777,62.0,575,2021
Ryan Preece,0,24.0,22.5,22.8,23.1,177,3562,3385,799,22.4,105,1253,14.8,12,0.1,8478,58.6,557,2021
Ryan Newman,0,23.4,23.5,22.6,23.5,-278,2635,2913,452,17.2,76,1853,22.5,4,0.0,8223,56.8,546,2021
Corey LaJoie,0,26.8,22.4,24.9,24.8,5,2925,2920,485,16.6,50,845,10.1,13,0.2,8365,52.1,448,2021
Anthony Alfredo,0,29.1,26.7,27.6,28.3,-277,2300,2577,223,9.7,19,232,2.9,5,0.1,8056,44.3,352,2021
Quin Houff,0,34.2,33.0,32.5,33.0,-115,1194,1309,9,0.8,6,18,0.2,0,0.0,7695,33.0,176,2021
James Davison,0,34.1,33.0,31.3,32.8,125,680,555,22,3.2,3,39,1.0,0,0.0,3966,34.3,117,2021
Jamie McMurray,0,19.0,15.0,8.0,16.7,1,87,86,41,47.1,8,109,54.5,0,0.0,200,85.3,30,2021
Scott Heckert,0,32.7,31.7,28.3,31.7,14,206,192,1,0.5,0,1,0.4,0,0.0,271,34.5,26,2021
Joey Hand,0,36.0,28.0,27.0,28.9,-23,98,121,1,1.0,0,1,0.9,0,0.0,109,42.3,10,2021
Mike Marlar,0,38.0,29.0,31.0,30.0,-4,7,11,0,0.0,0,0,0.0,0,0.0,244,37.8,6,2021
David Ragan,0,18.0,37.0,37.0,35.5,-2,41,43,30,73.2,0,10,76.9,0,0.0,13,30.7,4,2021
Chris Windom,0,36.0,33.0,33.0,32.4,-5,13,18,0,0.0,0,0,0.0,0,0.0,62,33.7,4,2021
Rc Enerson,0,37.0,34.0,34.0,31.2,19,68,49,6,8.8,0,4,4.5,0,0.0,88,31.2,3,2021
Derrike Cope,0,32.0,40.0,40.0,39.8,-9,5,14,0,0.0,0,0,0.0,0,0.0,3,23.2,1,2021
Shane Golobic,0,35.0,37.0,37.0,36.4,6,10,4,0,0.0,1,0,0.0,0,0.0,39,30.4,1,2021
Ryan Eversley,0,31.0,38.0,39.0,36.6,11,24,13,0,0.0,0,0,0.0,0,0.0,27,28.5,1,2021
Austin Cindric,0,25.0,18.1,22.7,19.7,-73,537,610,146,27.2,15,338,24.7,8,0.6,1369,70.2,0,2021
Joey Gase,0,35.3,34.3,32.4,34.0,-111,301,412,4,1.3,2,19,0.6,1,0.0,3232,31.6,0,2021
Cody Ware,0,32.4,32.2,31.2,31.4,-131,1335,1466,41,3.1,10,64,0.9,5,0.1,6910,36.4,0,2021
BJ McLeod,0,32.2,31.3,29.2,30.6,-218,927,1145,21,2.3,6,56,0.7,0,0.0,7862,39.0,0,2021
Josh Bilicki,0,33.7,32.9,31.1,32.8,-59,1077,1136,19,1.8,2,34,0.4,0,0.0,8780,33.7,0,2021
Kaz Grala,0,38.7,22.7,23.3,25.9,19,384,365,25,6.5,13,34,7.4,10,2.2,462,57.8,0,2021
Justin Haley,0,29.1,28.7,28.6,29.3,-112,1834,1946,233,12.7,23,203,3.1,4,0.1,6543,41.7,0,2021
Garrett Smithley,0,34.1,32.9,31.3,32.7,-97,736,833,6,0.8,0,28,0.4,0,0.0,6535,32.8,0,2021
Timmy Hill,0,38.0,35.4,33.8,35.3,9,300,291,0,0.0,3,3,0.2,0,0.0,1868,28.8,0,2021
J.J. Yeley,0,34.4,30.0,29.4,30.1,-63,331,394,15,4.5,1,29,1.2,0,0.0,2473,38.5,0,2021
David Starr,0,38.0,33.3,31.6,33.8,5,104,99,0,0.0,0,2,0.1,0,0.0,1991,33.5,0,2021
Stewart Friesen,0,32.0,25.0,23.0,23.0,-8,44,52,0,0.0,0,0,0.0,0,0.0,252,50.2,0,2021
Ty Dillon,0,37.3,20.5,23.0,24.3,-60,241,301,13,5.4,0,15,3.4,0,0.0,438,50.3,0,2021
Bayley Currey,0,33.0,31.0,32.0,32.0,-6,16,22,0,0.0,0,0,0.0,0,0.0,253,33.3,0,2021
AJ Allmendinger,1,17.0,20.0,16.0,16.7,69,408,339,117,28.7,13,189,55.9,9,2.7,338,85.5,0,2021
Harrison Burton,0,39.0,17.0,20.0,20.7,0,264,264,64,24.2,2,44,23.0,0,0.0,191,58.4,0,2021
Justin Allgaier,0,30.0,33.0,32.5,28.2,21,279,258,72,25.8,1,20,10.3,0,0.0,194,44.2,0,2021
Matt Mills,0,39.0,38.0,38.0,38.3,2,5,3,0,0.0,0,0,0.0,0,0.0,255,24.2,0,2021
Josh Berry,0,26.5,30.5,28.0,29.1,18,134,116,12,9.0,0,8,1.4,0,0.0,588,40.3,0,2021
Kyle Tilley,0,34.0,33.7,32.0,33.1,20,132,112,0,0.0,0,0,0.0,0,0.0,203,33.9,0,2021
Chad Finchum,0,35.0,37.0,37.0,37.3,-13,8,21,0,0.0,0,1,0.5,0,0.0,204,26.8,0,2021
Landon Cassill,0,39.5,16.5,30.5,25.0,-35,377,412,85,22.5,3,34,12.9,0,0.0,263,57.8,0,2021
Ben Rhodes,0,31.0,28.0,30.0,27.6,-6,90,96,3,3.3,0,6,6.5,0,0.0,92,36.7,0,2021
Andy Lally,0,35.0,36.0,39.0,33.0,43,103,60,5,4.9,0,7,12.7,0,0.0,55,40.2,0,2021
Parker Kligerman,0,40.0,21.0,20.0,20.0,3,60,57,8,13.3,0,10,3.8,0,0.0,266,62.0,0,2021
Ryan Ellis,0,34.0,35.0,36.0,36.6,-6,20,26,0,0.0,0,1,0.4,0,0.0,254,29.8,0,2021
Chase Elliott,5,9.0,10.7,12.2,9.2,323,3634,3311,2386,65.7,800,8412,88.2,1247,13.1,9541,103.2,5040,2020
Brad Keselowski,4,7.6,9.4,10.1,10.0,212,3599,3387,2418,67.2,528,8039,82.5,952,9.8,9739,100.0,5035,2020
Joey Logano,3,6.4,10.8,11.9,9.0,54,3121,3067,2060,66.0,408,8363,85.5,939,9.6,9785,101.9,5034,2020
Denny Hamlin,7,8.9,11.2,9.3,10.7,25,3022,2997,1787,59.1,618,6974,70.5,1083,10.9,9891,100.8,5033,2020
Kevin Harvick,9,7.7,8.8,7.4,9.4,11,3241,3230,1976,61.0,862,8151,82.2,1531,15.4,9911,107.4,2410,2020
Alex Bowman,1,8.9,12.7,14.8,12.2,-123,3598,3721,2040,56.7,427,7061,73.7,440,4.6,9575,90.8,2371,2020
Martin Truex Jr.,1,9.6,12.4,11.7,11.0,167,2976,2809,1774,59.6,679,7610,78.5,950,9.8,9690,99.6,2341,2020
Kyle Busch,1,9.9,12.2,13.9,12.2,83,3233,3150,2014,62.3,437,7260,76.5,516,5.4,9496,93.0,2341,2020
Ryan Blaney,1,11.4,13.1,13.9,11.5,213,3301,3088,2045,62.0,590,7014,76.1,668,7.2,9219,96.3,2336,2020
Kurt Busch,1,9.7,13.3,13.5,13.1,-31,3403,3434,2144,63.0,216,7072,75.2,169,1.8,9404,87.2,2287,2020
Austin Dillon,1,15.4,15.4,16.2,16.5,17,3533,3516,1525,43.2,186,4993,52.7,135,1.4,9469,76.0,2277,2020
Clint Bowyer,0,13.0,13.4,14.7,13.6,-23,3127,3150,1800,57.6,233,6979,73.4,280,2.9,9506,85.1,2254,2020
Matt DiBenedetto,0,14.0,14.6,14.8,13.7,-26,3718,3744,2119,57.0,103,5995,61.4,91,0.9,9767,82.8,2249,2020
William Byron,1,14.9,14.8,16.2,14.8,261,3760,3499,2097,55.8,206,6324,67.9,140,1.5,9315,84.8,2247,2020
Aric Almirola,0,9.0,15.0,13.3,14.1,-91,3333,3424,1617,48.5,282,6343,65.3,305,3.1,9707,86.2,2235,2020
Cole Custer,1,19.8,18.7,19.3,18.7,6,3688,3682,1374,37.3,82,3525,37.6,5,0.1,9364,70.3,2202,2020
Erik Jones,0,17.4,15.2,16.0,15.2,224,3639,3415,1833,50.4,223,5575,57.3,65,0.7,9735,81.8,873,2020
Jimmie Johnson,0,17.3,14.9,16.2,14.6,244,3739,3495,2149,57.5,257,6215,66.8,107,1.2,9304,83.8,836,2020
Tyler Reddick,0,18.6,17.7,17.5,17.3,120,4062,3942,1830,45.1,202,4855,51.4,30,0.3,9446,74.2,780,2020
Christopher Bell,0,23.9,17.6,20.3,19.0,255,3650,3395,1449,39.7,149,3272,34.7,18,0.2,9428,70.3,678,2020
Chris Buescher,0,18.6,20.2,19.1,20.7,-145,3613,3758,1214,33.6,84,2341,25.0,33,0.4,9361,66.1,645,2020
Bubba Wallace,0,22.2,21.3,21.1,21.1,-378,3576,3954,1127,31.5,63,2112,23.3,14,0.2,9079,62.7,597,2020
Michael McDowell,0,24.3,22.5,20.9,23.0,-85,3020,3105,552,18.3,66,1430,14.9,6,0.1,9627,58.9,588,2020
Ricky Stenhouse Jr.,0,21.7,21.5,22.6,21.9,200,3468,3268,1218,35.1,108,2464,30.4,68,0.8,8096,64.0,584,2020
Ryan Newman,0,18.2,19.1,20.0,20.3,-103,3032,3135,750,24.7,68,2215,24.7,35,0.4,8976,64.3,566,2020
Ty Dillon,0,25.6,22.0,22.0,23.0,-184,3612,3796,827,22.9,44,848,8.9,13,0.1,9495,57.3,556,2020
John Hunter Nemechek,0,24.4,21.1,22.4,22.6,4,3681,3677,913,24.8,78,1380,14.4,1,0.0,9611,58.8,534,2020
Matt Kenseth,0,19.0,20.1,21.4,20.6,-262,2887,3149,918,31.8,81,2459,29.5,13,0.2,8337,65.3,521,2020
Ryan Preece,0,25.4,23.1,24.4,23.1,125,3624,3499,873,24.1,36,1128,12.3,12,0.1,9208,58.3,477,2020
Corey LaJoie,0,28.5,23.9,25.6,26.1,-93,2430,2523,253,10.4,42,521,5.6,13,0.1,9244,50.1,408,2020
Daniel Su<e1>rez,0,32.4,26.6,26.6,27.5,-197,2154,2351,240,11.1,25,199,2.1,20,0.2,9523,47.0,365,2020
Brennan Poole,0,31.0,30.9,29.5,30.5,-113,1516,1629,123,8.1,34,154,1.8,4,0.0,8566,40.5,269,2020
Quin Houff,0,32.2,34.1,31.4,33.6,-238,849,1087,60,7.1,12,54,0.6,0,0.0,8974,34.1,214,2020
Kyle Larson,0,6.8,18.3,11.0,16.4,-32,411,443,196,47.7,9,592,59.7,2,0.2,991,81.4,121,2020
Brendan Gaughan,0,39.2,28.0,22.0,30.1,13,481,468,39,8.1,16,33,4.6,0,0.0,718,45.9,78,2020
Reed Sorenson,0,35.9,34.9,33.4,34.1,6,330,324,3,0.9,12,9,0.2,0,0.0,4356,34.0,68,2020
James Davison,0,35.1,35.1,33.9,34.2,-2,379,381,5,1.3,8,12,0.4,0,0.0,3170,32.7,56,2020
Stanton Barrett,0,34.0,39.0,38.0,38.9,0,2,2,0,0.0,0,0,0.0,0,0.0,49,24.3,1,2020
David Ragan,0,30.0,21.0,4.0,19.3,10,175,165,31,17.7,7,45,21.5,0,0.0,209,83.7,0,2020
Justin Haley,0,34.0,31.0,12.0,26.6,-35,193,228,23,11.9,10,27,6.6,0,0.0,409,56.1,0,2020
Joey Gase,0,34.4,35.5,33.1,35.3,-114,513,627,2,0.4,21,14,0.2,0,0.0,8190,30.5,0,2020
Ross Chastain,0,26.1,19.3,22.0,21.8,23,735,712,210,28.6,13,405,19.6,1,0.0,2070,59.7,0,2020
Timmy Hill,0,36.0,35.0,33.2,34.4,-33,882,915,50,5.7,52,77,1.0,1,0.0,7825,32.7,0,2020
BJ McLeod,0,37.6,35.4,34.6,35.1,19,269,250,0,0.0,10,28,0.9,0,0.0,3024,32.0,0,2020
J.J. Yeley,0,31.9,32.4,31.0,32.0,-83,752,835,15,2.0,11,35,0.4,2,0.0,8461,37.7,0,2020
Garrett Smithley,0,34.0,35.2,33.7,34.9,2,375,373,1,0.3,14,11,0.2,1,0.0,6028,31.7,0,2020
Gray Gaulding,0,31.2,28.3,29.2,29.7,-70,390,460,6,1.5,4,24,0.9,0,0.0,2637,41.3,0,2020
Josh Bilicki,0,35.1,34.4,33.0,34.5,-16,363,379,0,0.0,21,6,0.1,0,0.0,5312,32.7,0,2020
Kaz Grala,0,10.0,15.0,7.0,18.0,-10,88,98,23,26.1,0,28,43.1,3,4.6,65,86.8,0,2020
Justin Allgaier,0,4.0,37.0,37.0,36.5,6,7,1,0,0.0,0,0,0.0,0,0.0,17,29.0,0,2020
Chad Finchum,0,39.7,37.3,37.7,37.6,-20,13,33,0,0.0,1,0,0.0,0,0.0,483,26.4,0,2020
Cody Ware,0,34.0,27.0,19.0,23.0,-49,148,197,27,18.2,1,27,13.5,1,0.5,200,49.3,0,2020
Bayley Currey,0,26.0,38.0,38.0,37.0,1,12,11,0,0.0,0,0,0.0,0,0.0,203,29.5,0,2020
David Starr,0,33.0,35.0,32.0,34.4,1,22,21,0,0.0,0,0,0.0,0,0.0,479,32.3,0,2020
Kyle Busch,5,12.3,8.2,8.9,9.0,388,3617,3229,2344,64.8,1066,8691,85.5,1582,15.6,10167,108.4,5040,2019
Martin Truex Jr.,7,13.1,11.3,9.8,10.3,285,3191,2906,1763,55.2,930,8112,79.9,1371,13.5,10152,103.4,5035,2019
Kevin Harvick,4,8.5,8.9,10.1,9.1,67,2883,2816,1750,60.7,822,8466,86.4,953,9.7,9804,105.2,5033,2019
Denny Hamlin,6,11.0,12.2,9.5,10.8,317,3268,2951,1820,55.7,576,7819,77.2,921,9.1,10124,98.0,5027,2019
Joey Logano,2,10.3,12.0,10.8,10.4,251,3526,3275,2097,59.5,468,7739,75.7,899,8.8,10221,98.4,2380,2019
Kyle Larson,1,12.9,11.9,15.1,12.8,217,3724,3507,1862,50.0,475,7085,74.6,529,5.6,9496,90.4,2339,2019
Ryan Blaney,1,12.3,10.1,13.8,10.9,-144,3660,3804,2191,59.9,407,7867,78.7,422,4.2,10001,93.8,2339,2019
Brad Keselowski,3,10.0,11.7,12.9,11.9,30,3305,3275,1840,55.7,483,7867,80.7,1085,11.1,9749,94.8,2318,2019
Clint Bowyer,0,10.7,13.0,15.2,13.1,-78,3187,3265,1788,56.1,259,7630,77.3,138,1.4,9874,86.6,2290,2019
Chase Elliott,3,10.9,11.7,15.2,13.6,145,3458,3313,1925,55.7,495,6743,71.0,600,6.3,9497,92.2,2275,2019
William Byron,0,12.4,11.9,14.9,12.9,223,3659,3436,1802,49.2,236,6378,62.8,233,2.3,10149,85.0,2274,2019
Alex Bowman,1,13.1,13.8,14.4,14.8,68,3657,3589,1746,47.7,246,5317,53.0,201,2.0,10028,82.0,2257,2019
Kurt Busch,1,12.7,11.7,13.1,12.6,275,3735,3460,2075,55.6,290,7591,74.9,212,2.1,10140,87.9,2237,2019
Aric Almirola,0,10.5,12.9,15.4,13.8,-119,3536,3655,1977,55.9,227,6218,65.0,180,1.9,9564,83.3,2234,2019
Ryan Newman,0,19.9,16.8,14.6,17.5,-135,3457,3592,1127,32.6,92,4515,45.0,19,0.2,10030,71.7,2219,2019
Erik Jones,1,14.9,14.8,15.3,14.9,-20,3413,3433,1777,52.1,261,6602,68.7,172,1.8,9606,85.1,2194,2019
Daniel Su<e1>rez,0,14.2,13.8,16.4,14.7,-16,4085,4101,2010,49.2,216,6385,62.9,166,1.6,10143,79.7,846,2019
Jimmie Johnson,0,13.5,15.4,17.4,15.6,-8,3149,3157,1674,53.2,153,5960,60.8,131,1.3,9798,78.7,835,2019
Paul Menard,0,16.6,16.9,16.6,17.2,-82,3900,3982,1458,37.4,100,3949,38.7,11,0.1,10217,70.4,777,2019
Chris Buescher,0,21.6,18.8,17.9,18.4,130,3837,3707,1302,33.9,44,3016,30.0,13,0.1,10038,67.4,729,2019
Austin Dillon,0,16.5,17.6,19.5,18.1,-271,3362,3633,1467,43.6,125,4280,43.5,70,0.7,9832,70.0,700,2019
Matt DiBenedetto,0,20.5,18.4,18.3,18.0,112,3968,3856,1424,35.9,130,4007,40.7,152,1.5,9839,69.9,699,2019
Ricky Stenhouse Jr.,0,15.1,21.7,20.5,18.6,-155,3600,3755,1695,47.1,114,3725,39.1,109,1.1,9526,70.1,679,2019
Ty Dillon,0,23.5,23.2,20.6,23.0,-220,3445,3665,762,22.1,63,1267,12.5,14,0.1,10171,57.2,613,2019
Daniel Hemric,0,18.1,20.5,22.5,20.4,-66,3582,3648,1083,30.2,101,2129,21.7,22,0.2,9825,62.1,530,2019
Ryan Preece,0,24.4,23.3,23.1,23.5,55,3301,3246,441,13.4,32,785,7.9,1,0.0,9930,54.6,507,2019
Michael McDowell,0,20.9,23.9,24.2,24.2,-297,2745,3042,577,21.0,61,891,9.5,20,0.2,9366,53.1,485,2019
Bubba Wallace,0,24.3,25.0,24.0,24.3,-5,2742,2747,441,16.1,71,945,9.5,1,0.0,9939,53.6,437,2019
Corey LaJoie,0,29.7,28.6,25.9,28.7,-108,1984,2092,109,5.5,35,147,1.5,0,0.0,9541,44.6,401,2019
David Ragan,0,21.8,24.5,26.3,24.4,-322,3259,3581,841,25.8,68,738,7.6,3,0.0,9710,52.2,388,2019
Matt Tifft,0,28.2,26.3,26.1,27.2,-238,2045,2283,183,8.9,33,225,2.6,1,0.0,8502,45.0,352,2019
Reed Sorenson,0,35.8,35.0,32.8,34.7,46,421,375,2,0.5,15,6,0.1,0,0.0,5854,30.6,118,2019
Quin Houff,0,33.7,34.2,32.7,34.2,-7,225,232,0,0.0,10,13,0.3,0,0.0,4519,29.5,77,2019
Jamie McMurray,0,16.0,29.0,22.0,22.6,-18,221,239,75,33.9,7,52,26.3,4,2.0,198,62.8,19,2019
Austin Theriault,0,33.4,32.8,33.8,33.3,-30,127,157,1,0.8,3,6,0.6,1,0.1,1090,32.7,17,2019
Andy Seuss,0,35.0,32.0,28.0,32.2,1,6,5,0,0.0,0,0,0.0,0,0.0,291,31.0,9,2019
Drew Herring,0,37.0,32.0,29.0,31.7,9,73,64,3,4.1,0,0,0.0,0,0.0,262,40.3,8,2019
Blake Jones,0,35.0,39.0,31.0,37.0,-1,6,7,0,0.0,0,0,0.0,0,0.0,179,30.5,6,2019
Stanton Barrett,0,39.0,31.0,35.0,32.6,-12,61,73,1,1.6,1,0,0.0,0,0.0,132,32.3,2,2019
Casey Mears,0,40.0,30.0,40.0,34.3,24,85,61,4,4.7,1,8,7.7,0,0.0,104,36.5,1,2019
Ross Chastain,0,33.6,31.3,28.2,31.3,124,1162,1038,49,4.2,80,89,1.0,11,0.1,9332,38.8,0,2019
Parker Kligerman,0,32.0,28.8,26.5,27.1,-30,1498,1528,170,11.3,24,117,3.9,0,0.0,3002,46.8,0,2019
BJ McLeod,0,34.9,34.9,31.8,34.2,-5,351,356,4,1.1,7,8,0.2,0,0.0,4503,32.4,0,2019
Brendan Gaughan,0,31.5,29.5,19.3,27.1,26,621,595,92,14.8,15,64,9.2,5,0.7,692,56.3,0,2019
Landon Cassill,0,30.9,32.2,29.3,31.0,-192,1262,1454,48,3.8,43,90,1.0,1,0.0,9419,38.2,0,2019
Tyler Reddick,0,30.0,15.0,18.0,19.6,76,439,363,102,23.2,4,162,35.1,0,0.0,462,70.0,0,2019
Cody Ware,0,34.5,35.4,34.8,34.9,-20,278,298,4,1.4,2,6,0.2,0,0.0,2465,28.6,0,2019
Garrett Smithley,0,35.9,34.7,33.5,34.5,-38,227,265,2,0.9,8,1,0.0,0,0.0,3637,30.7,0,2019
Joey Gase,0,38.4,37.0,35.2,36.6,-17,140,157,0,0.0,9,0,0.0,0,0.0,2338,27.2,0,2019
Bayley Currey,0,31.9,32.5,31.9,32.6,-38,207,245,1,0.5,3,4,0.1,0,0.0,2992,32.7,0,2019
D.J. Kennington,0,35.0,32.0,32.0,32.0,-6,5,11,0,0.0,2,0,0.0,0,0.0,489,29.3,0,2019
Jeb Burton,0,31.5,33.0,33.0,33.4,-8,18,26,0,0.0,0,0,0.0,0,0.0,555,28.8,0,2019
Timmy Hill,0,37.6,37.1,35.6,37.0,-4,104,108,0,0.0,6,0,0.0,0,0.0,1722,27.3,0,2019
Gray Gaulding,0,33.0,36.0,36.0,33.5,-14,18,32,0,0.0,0,0,0.0,0,0.0,142,32.7,0,2019
Jeffrey Earnhardt,0,33.0,28.0,22.0,25.9,-2,199,201,52,26.1,4,10,5.3,0,0.0,187,54.3,0,2019
Justin Haley,1,35.0,31.3,22.3,28.0,-4,405,409,84,20.7,9,42,10.6,1,0.3,395,54.9,0,2019
J.J. Yeley,0,35.7,33.1,29.3,32.3,-35,341,376,7,2.1,7,13,0.3,0,0.0,4086,36.5,0,2019
Josh Bilicki,0,35.4,34.7,33.7,33.8,-5,229,234,0,0.0,3,2,0.1,0,0.0,2125,30.6,0,2019
Kyle Weatherman,0,35.5,37.0,33.5,35.4,-1,19,20,0,0.0,1,1,0.2,0,0.0,543,27.4,0,2019
Spencer Boyd,0,36.7,37.3,37.7,37.6,3,20,17,0,0.0,0,0,0.0,0,0.0,564,24.7,0,2019
Joe Nemechek,0,36.6,34.7,32.4,34.3,14,152,138,0,0.0,3,0,0.0,0,0.0,1951,31.8,0,2019
Ryan Sieg,0,36.0,31.0,24.0,31.2,4,26,22,0,0.0,0,1,0.6,0,0.0,157,38.0,0,2019
Matt Crafton,0,29.0,31.0,25.0,30.6,2,22,20,0,0.0,0,0,0.0,0,0.0,495,37.5,0,2019
John Hunter Nemechek,0,28.3,26.3,23.7,25.2,-39,189,228,12,6.3,7,26,2.9,0,0.0,904,51.8,0,2019
Joey Logano,3,9.8,11.7,10.7,10.6,-27,2371,2398,1485,62.6,277,8655,88.1,934,9.5,9826,97.3,5040,2018
Martin Truex Jr.,4,9.9,10.9,10.7,10.4,183,2462,2279,1432,58.2,764,8019,82.2,1016,10.4,9760,101.8,5035,2018
Kevin Harvick,8,8.8,7.9,8.8,8.1,218,2159,1941,1483,68.7,1295,8759,90.4,1990,20.5,9691,115.5,5034,2018
Kyle Busch,8,7.4,8.8,8.3,8.2,144,2405,2261,1603,66.7,999,8870,88.7,1469,14.7,10001,109.3,5033,2018
Aric Almirola,1,15.6,12.2,12.8,12.8,218,2825,2607,1594,56.4,303,7671,76.7,181,1.8,10003,88.6,2354,2018
Kurt Busch,1,8.8,10.6,12.1,9.7,86,2346,2260,1545,65.9,447,8604,86.1,644,6.4,9992,98.4,2350,2018
Chase Elliott,3,11.1,12.0,12.3,11.2,273,2741,2468,1732,63.2,324,8047,81.7,325,3.3,9850,94.2,2350,2018
Brad Keselowski,3,10.3,10.9,13.4,10.3,138,2442,2304,1548,63.4,494,8326,85.1,705,7.2,9788,97.6,2343,2018
Kyle Larson,0,12.8,12.3,12.6,11.7,519,2880,2361,1523,52.9,623,7592,77.7,782,8.0,9768,95.7,2299,2018
Ryan Blaney,1,9.4,11.3,14.8,10.6,-4,2349,2353,1412,60.1,344,7387,77.6,660,6.9,9525,94.3,2298,2018
Denny Hamlin,0,10.3,11.4,12.6,12.0,19,2609,2590,1546,59.3,408,7861,79.2,380,3.8,9926,91.4,2285,2018
Clint Bowyer,2,13.7,10.4,13.8,11.4,135,2597,2462,1582,60.9,398,8069,81.4,490,4.9,9911,93.0,2272,2018
Austin Dillon,1,18.8,17.0,17.5,18.0,-93,2669,2762,1036,38.8,108,4510,45.1,23,0.2,9993,72.0,2245,2018
Jimmie Johnson,0,19.2,17.1,16.7,16.1,431,3013,2582,1418,47.1,169,5659,58.0,40,0.4,9764,79.2,2242,2018
Erik Jones,1,10.6,14.8,14.0,14.3,5,2614,2609,1397,53.4,223,6353,64.6,99,1.0,9836,84.7,2220,2018
Alex Bowman,0,13.1,17.0,17.0,15.8,5,3004,2999,1570,52.3,205,5545,55.6,71,0.7,9977,77.6,2204,2018
Ryan Newman,0,15.4,16.5,17.3,16.3,-98,2945,3043,1307,44.4,136,5160,51.2,57,0.6,10077,74.0,769,2018
Ricky Stenhouse Jr.,0,14.8,18.4,19.4,18.5,-143,3157,3300,1215,38.5,197,3600,35.7,133,1.3,10076,71.3,701,2018
Paul Menard,0,17.2,17.9,19.4,18.7,-93,2534,2627,1079,42.6,122,4014,42.7,14,0.1,9410,71.1,692,2018
Jamie McMurray,0,18.1,17.9,18.9,17.8,-81,2469,2550,807,32.7,58,3715,37.9,9,0.1,9799,71.5,683,2018
Daniel Su<e1>rez,0,17.4,17.8,18.5,18.7,-51,2760,2811,1142,41.4,120,3789,39.1,35,0.4,9682,70.5,674,2018
AJ Allmendinger,0,22.1,24.5,21.3,22.7,86,2374,2288,418,17.6,59,1661,18.0,19,0.2,9214,59.0,603,2018
William Byron,0,17.7,19.4,22.1,18.7,-175,2531,2706,925,36.5,73,3480,37.2,61,0.7,9352,68.1,587,2018
Chris Buescher,0,21.6,21.8,21.0,22.0,-38,2526,2564,581,23.0,39,1619,16.6,1,0.0,9759,59.3,585,2018
David Ragan,0,24.2,23.5,22.9,24.7,-266,2543,2809,469,18.4,41,553,5.6,0,0.0,9882,53.5,524,2018
Michael McDowell,0,23.0,25.6,24.5,24.4,-86,2486,2572,531,21.4,71,601,6.7,33,0.4,8964,53.6,493,2018
Ty Dillon,0,27.2,24.7,24.1,25.1,-152,2479,2631,402,16.2,40,832,8.4,3,0.0,9871,52.4,482,2018
Bubba Wallace,0,24.8,23.1,24.5,24.3,59,2686,2627,620,23.1,34,1175,12.5,19,0.2,9391,54.8,471,2018
Matt DiBenedetto,0,29.1,27.2,27.0,27.5,-124,1993,2117,190,9.5,35,261,2.7,8,0.1,9610,46.0,368,2018
Kasey Kahne,0,26.0,22.0,22.8,22.6,-6,1813,1819,472,26.0,76,910,13.8,30,0.5,6584,55.1,358,2018
Trevor Bayne,0,20.6,20.4,23.9,22.1,-149,1988,2137,591,29.7,60,1136,19.7,0,0.0,5752,59.3,287,2018
Matt Kenseth,0,21.9,21.1,19.9,21.3,-2,881,883,152,17.3,18,488,11.7,5,0.1,4162,63.8,268,2018
Regan Smith,0,28.5,26.7,23.0,27.7,-23,730,753,139,19.0,23,110,3.5,10,0.3,3162,51.3,157,2018
Corey LaJoie,0,32.8,33.0,31.5,32.4,-150,579,729,21,3.6,9,28,0.6,0,0.0,5073,36.7,144,2018
Cole Whitt,0,33.5,30.1,26.8,29.0,31,736,705,73,9.9,36,55,1.6,0,0.0,3389,41.3,132,2018
Gray Gaulding,0,32.4,33.3,31.5,33.3,-168,466,634,15,3.2,2,24,0.5,0,0.0,4997,33.4,119,2018
Jeffrey Earnhardt,0,33.5,31.9,30.9,32.4,-75,526,601,10,1.9,7,21,0.5,0,0.0,4056,35.6,110,2018
Kyle Weatherman,0,32.7,35.7,32.3,34.8,-14,108,122,0,0.0,0,2,0.1,0,0.0,1774,30.9,33,2018
Harrison Rhodes,0,36.0,34.8,33.5,33.9,-6,59,65,0,0.0,0,0,0.0,0,0.0,1920,29.7,24,2018
Blake Jones,0,38.7,33.3,30.0,32.4,-15,24,39,0,0.0,0,0,0.0,0,0.0,968,34.8,21,2018
Mark Thompson,0,40.0,33.0,22.0,31.1,0,6,6,0,0.0,0,0,0.0,0,0.0,203,39.7,15,2018
Cody Ware,0,38.3,34.0,34.5,35.0,-15,27,42,0,0.0,0,2,0.3,0,0.0,777,28.0,11,2018
Derrike Cope,0,37.3,38.0,34.7,36.7,-4,29,33,0,0.0,0,0,0.0,0,0.0,642,26.4,8,2018
Tanner Berryhill,0,36.5,35.5,34.5,36.0,-2,22,24,0,0.0,0,0,0.0,0,0.0,537,28.0,7,2018
Chris Cook,0,36.0,35.0,31.0,31.4,26,69,43,0,0.0,0,1,0.9,0,0.0,109,33.3,6,2018
Tomy Drissi,0,37.0,34.0,32.0,32.9,8,47,39,0,0.0,0,1,0.9,0,0.0,108,30.3,5,2018
Danica Patrick,0,28.0,32.0,35.0,26.0,2,150,148,22,14.7,3,18,17.8,0,0.0,101,40.0,2,2018
Alon Day,0,34.0,38.0,38.0,38.3,3,8,5,0,0.0,0,0,0.0,0,0.0,383,25.3,1,2018
Stanton Barrett,0,39.0,40.0,40.0,39.1,0,3,3,0,0.0,0,0,0.0,0,0.0,11,23.3,1,2018
Hermie Sadler,0,31.0,40.0,40.0,38.2,-14,6,20,0,0.0,0,0,0.0,0,0.0,230,25.2,1,2018
Brendan Gaughan,0,24.8,22.3,18.5,20.7,14,770,756,222,28.8,12,195,26.1,2,0.3,747,59.4,0,2018
David Gilliland,0,39.0,17.0,14.0,24.8,-15,50,65,2,4.0,3,12,5.8,0,0.0,206,50.2,0,2018
D.J. Kennington,0,33.9,30.3,26.5,30.4,-98,237,335,21,8.9,9,45,1.5,0,0.0,2962,39.0,0,2018
Justin Marks,0,31.0,29.7,22.3,28.8,1,196,195,8,4.1,3,12,2.8,1,0.2,423,43.3,0,2018
Ross Chastain,0,31.8,31.2,28.4,30.4,172,1236,1064,54,4.4,22,90,1.0,1,0.0,8945,39.8,0,2018
Joey Gase,0,35.9,32.1,31.1,32.3,-72,435,507,92,21.1,16,70,3.4,0,0.0,2077,36.5,0,2018
Cole Custer,0,22.7,27.3,25.7,27.6,-18,154,172,5,3.2,1,18,2.2,0,0.0,820,46.1,0,2018
Timmy Hill,0,37.1,36.7,35.7,36.5,-9,185,194,0,0.0,3,4,0.1,0,0.0,4393,27.2,0,2018
Reed Sorenson,0,34.7,34.1,32.6,33.8,17,230,213,0,0.0,1,5,0.2,0,0.0,3297,32.5,0,2018
J.J. Yeley,0,34.7,31.7,31.0,32.1,-121,630,751,10,1.6,4,25,0.5,0,0.0,4674,36.8,0,2018
Landon Cassill,0,33.9,32.4,29.7,32.3,-86,652,738,0,0.0,19,18,0.2,0,0.0,7832,36.1,0,2018
Chad Finchum,0,38.0,30.0,33.0,31.7,-8,8,16,0,0.0,0,0,0.0,0,0.0,335,34.1,0,2018
Daniel Hemric,0,16.5,18.0,27.5,25.7,-43,98,141,14,14.3,0,45,8.9,0,0.0,508,52.6,0,2018
Timothy Peters,0,32.0,31.0,23.0,29.5,-2,54,56,0,0.0,2,0,0.0,0,0.0,187,45.1,0,2018
BJ McLeod,0,35.1,35.4,33.5,35.2,-38,202,240,0,0.0,0,2,0.1,0,0.0,3443,30.2,0,2018
Parker Kligerman,0,31.8,27.0,26.3,28.2,2,144,142,6,4.2,0,10,1.1,0,0.0,922,45.2,0,2018
Garrett Smithley,0,36.7,37.7,35.7,36.3,-1,33,34,0,0.0,0,2,0.4,0,0.0,445,28.0,0,2018
Ray Black Jr.,0,39.0,13.0,16.0,27.2,-21,39,60,1,2.6,0,13,7.8,0,0.0,167,47.5,0,2018
Jesse Little,0,35.5,35.0,35.0,34.8,3,26,23,0,0.0,0,0,0.0,0,0.0,312,32.6,0,2018
Spencer Gallagher,0,34.0,36.0,35.0,35.2,-3,8,11,0,0.0,0,0,0.0,0,0.0,73,27.5,0,2018
Josh Bilicki,0,33.0,34.0,36.0,30.0,-1,26,27,0,0.0,0,1,1.4,0,0.0,69,30.5,0,2018
David Starr,0,38.0,39.0,39.0,38.5,-9,5,14,0,0.0,0,0,0.0,0,0.0,344,24.8,0,2018
Jeb Burton,0,39.0,37.0,33.0,37.2,6,14,8,0,0.0,0,0,0.0,0,0.0,489,30.2,0,2018
Martin Truex Jr.,8,6.8,8.0,9.4,7.2,150,2841,2691,1800,63.4,1338,9478,91.4,2253,21.7,10368,116.1,5040,2017
Kyle Busch,5,7.2,11.1,11.5,8.9,57,3040,2983,1733,57.0,1129,8628,83.9,2023,19.7,10284,108.6,5035,2017
Kevin Harvick,2,8.8,9.1,11.1,9.7,74,2845,2771,1647,57.9,643,8509,83.8,850,8.4,10155,103.1,5033,2017
Brad Keselowski,3,8.8,13.7,12.4,12.0,96,2947,2851,1842,62.5,680,7599,80.0,778,8.2,9493,96.3,5030,2017
Chase Elliott,0,10.8,11.6,12.0,10.6,287,3479,3192,2243,64.5,458,8831,88.0,560,5.6,10034,96.3,2377,2017
Denny Hamlin,2,8.4,8.6,11.6,10.3,-220,3008,3228,1935,64.3,376,8468,81.7,710,6.9,10359,94.9,2353,2017
Matt Kenseth,1,10.4,9.9,14.3,11.2,-36,3028,3064,1787,59.0,431,8076,79.9,421,4.2,10113,93.5,2344,2017
Kyle Larson,4,11.3,10.3,13.3,10.3,356,3279,2923,1955,59.6,818,8523,87.2,1352,13.8,9777,102.3,2320,2017
Ryan Blaney,1,10.3,13.6,17.3,13.2,-37,3238,3275,1936,59.8,241,6791,65.3,301,2.9,10395,87.7,2305,2017
Jimmie Johnson,3,16.9,13.6,16.8,14.2,440,3633,3193,2025,55.7,369,7371,74.0,217,2.2,9955,86.1,2260,2017
Jamie McMurray,0,10.1,13.6,14.6,13.2,37,3442,3405,2041,59.3,149,7821,79.6,21,0.2,9824,86.6,2224,2017
Austin Dillon,1,19.1,18.8,18.6,18.1,-21,3408,3429,1248,36.6,77,4355,42.9,12,0.1,10146,70.6,2224,2017
Ricky Stenhouse Jr.,2,15.9,19.7,17.1,18.5,53,3594,3541,1705,47.4,142,4492,45.0,56,0.6,9979,73.5,2222,2017
Kurt Busch,1,11.8,13.7,16.5,14.9,175,3585,3410,1939,54.1,124,6636,67.5,16,0.2,9837,82.0,2217,2017
Kasey Kahne,1,17.9,16.4,19.4,17.3,109,3827,3718,1625,42.5,89,4780,47.5,41,0.4,10068,72.8,2198,2017
Ryan Newman,1,17.1,16.1,15.8,17.7,-121,2925,3046,1146,39.2,110,5341,53.0,46,0.5,10075,72.3,2196,2017
Joey Logano,1,12.4,15.1,15.2,13.0,-18,3218,3236,1843,57.3,302,7205,69.6,376,3.6,10346,87.1,930,2017
Clint Bowyer,0,13.2,15.0,15.5,15.0,239,3283,3044,1803,54.9,119,6794,67.6,22,0.2,10056,82.0,871,2017
Erik Jones,0,14.6,14.3,17.0,15.0,117,3075,2958,1407,45.8,274,6583,69.0,310,3.3,9538,83.1,863,2017
Daniel Su<e1>rez,0,13.9,18.2,16.2,17.5,-284,3309,3593,1303,39.4,79,4597,45.6,40,0.4,10084,73.6,777,2017
Dale Earnhardt Jr.,0,17.0,16.8,20.0,17.4,79,3603,3524,1593,44.2,159,4715,48.4,47,0.5,9747,74.7,668,2017
Trevor Bayne,0,21.1,20.5,19.5,20.6,-100,3556,3656,1449,40.7,62,3025,29.6,8,0.1,10227,64.8,660,2017
Paul Menard,0,21.7,20.6,19.6,21.2,-124,3850,3974,1027,26.7,58,1447,13.9,5,0.0,10405,62.1,631,2017
Ty Dillon,0,26.2,22.3,20.7,22.6,43,3584,3541,861,24.0,60,1305,12.8,40,0.4,10210,60.1,593,2017
Chris Buescher,0,25.3,24.6,21.4,23.7,-84,2809,2893,444,15.8,60,935,9.4,5,0.1,9948,57.7,564,2017
Michael McDowell,0,23.9,24.2,22.3,23.8,-128,3475,3603,950,27.3,46,770,7.4,10,0.1,10446,56.9,542,2017
AJ Allmendinger,0,23.9,24.2,22.0,23.3,56,2701,2645,490,18.1,79,1237,12.4,7,0.1,9941,58.3,531,2017
Danica Patrick,0,22.1,20.5,23.8,22.5,-119,3565,3684,742,20.8,44,1094,11.1,7,0.1,9888,58.8,511,2017
Aric Almirola,0,22.4,22.4,18.8,22.0,11,2748,2737,663,24.1,53,1223,14.4,2,0.0,8509,62.7,502,2017
David Ragan,0,29.0,26.1,24.9,26.2,-129,3117,3246,644,20.7,52,472,4.6,4,0.0,10188,50.8,447,2017
Landon Cassill,0,29.4,26.5,26.5,27.2,-207,2532,2739,328,13.0,27,380,3.9,12,0.1,9815,46.7,382,2017
Matt DiBenedetto,0,28.9,30.0,27.1,28.7,-147,2362,2509,202,8.6,32,192,2.0,12,0.1,9617,44.5,363,2017
Cole Whitt,0,32.1,29.6,28.3,29.7,-43,2091,2134,154,7.4,13,194,2.0,3,0.0,9724,42.2,322,2017
Gray Gaulding,0,34.6,33.2,31.2,33.1,-190,1032,1222,44,4.3,34,44,0.6,0,0.0,7787,35.1,164,2017
Reed Sorenson,0,34.8,34.0,32.1,33.4,-9,665,674,11,1.7,3,19,0.2,1,0.0,7959,34.8,150,2017
Jeffrey Earnhardt,0,36.1,35.3,33.5,34.8,-66,587,653,14,2.4,7,28,0.4,0,0.0,7806,30.4,145,2017
Derrike Cope,0,37.2,36.5,35.1,36.2,-23,148,171,0,0.0,1,2,0.1,0,0.0,3681,28.2,42,2017
Michael Waltrip,0,30.0,10.0,8.0,22.7,13,227,214,57,25.1,14,50,25.0,0,0.0,200,72.2,29,2017
D.J. Kennington,0,36.3,33.5,33.3,32.4,-24,271,295,3,1.1,5,4,0.7,0,0.0,612,34.8,17,2017
Boris Said,0,34.5,30.5,29.5,29.8,13,123,110,2,1.6,0,10,5.1,0,0.0,198,34.5,15,2017
Billy Johnson,0,26.0,34.0,22.0,24.3,13,107,94,11,10.3,2,19,17.3,0,0.0,110,52.1,15,2017
Cody Ware,0,38.4,37.8,37.8,37.0,-5,40,45,0,0.0,2,0,0.0,0,0.0,610,25.1,6,2017
Gary Klutt,0,34.0,31.0,31.0,31.6,10,35,25,0,0.0,0,0,0.0,0,0.0,89,30.3,6,2017
Alon Day,0,32.0,33.0,32.0,32.1,31,72,41,2,2.8,0,4,3.7,0,0.0,108,32.4,5,2017
Kyle Weatherman,0,38.5,38.5,34.5,37.8,1,6,5,0,0.0,0,0,0.0,0,0.0,782,27.1,5,2017
Kevin O'Connell,0,36.0,35.0,33.0,32.2,30,94,64,2,2.1,0,0,0.0,0,0.0,108,28.0,4,2017
Tommy Regan,0,37.0,37.0,34.0,34.0,26,69,43,0,0.0,0,1,0.9,0,0.0,107,26.0,3,2017
Hermie Sadler,0,40.0,35.0,34.0,34.4,-3,11,14,0,0.0,0,1,0.2,0,0.0,494,30.5,3,2017
Joey Gase,0,35.2,31.8,30.2,32.8,-45,673,718,47,7.0,3,31,1.6,0,0.0,1948,34.9,0,2017
Corey LaJoie,0,34.1,32.2,30.2,31.9,-134,1185,1319,84,7.1,24,57,0.7,0,0.0,8668,37.4,0,2017
Brendan Gaughan,0,34.5,24.0,15.8,24.9,0,822,822,184,22.4,23,119,16.5,6,0.8,723,60.3,0,2017
Elliott Sadler,0,36.0,20.0,19.3,24.4,9,520,511,90,17.3,8,86,15.6,7,1.3,553,50.5,0,2017
Timmy Hill,0,37.3,36.1,32.6,35.4,-5,186,191,0,0.0,0,11,0.3,0,0.0,3940,30.2,0,2017
J.J. Yeley,0,30.8,31.3,30.0,30.4,-6,160,166,8,5.0,3,4,0.3,0,0.0,1288,41.8,0,2017
Carl Long,0,39.7,36.3,33.3,35.4,6,25,19,0,0.0,3,1,0.1,0,0.0,1050,30.1,0,2017
Regan Smith,0,27.5,19.5,28.0,20.9,-17,124,141,25,20.2,0,134,18.4,0,0.0,728,56.9,0,2017
Ryan Sieg,0,34.0,33.6,31.6,33.6,-36,74,110,0,0.0,1,3,0.3,0,0.0,1167,34.0,0,2017
Ross Chastain,0,34.0,32.0,29.0,31.7,-12,47,59,1,2.1,5,2,0.3,0,0.0,751,40.6,0,2017
Bubba Wallace,0,22.5,18.5,17.8,20.5,-10,533,543,176,33.0,4,213,26.8,0,0.0,795,64.6,0,2017
Josh Bilicki,0,35.5,36.5,36.0,33.8,-12,77,89,0,0.0,0,3,0.8,0,0.0,390,27.5,0,2017
BJ McLeod,0,37.0,36.3,33.4,36.2,14,63,49,0,0.0,17,0,0.0,0,0.0,2325,29.2,0,2017
Stephen Leicht,0,36.0,31.0,32.0,32.9,0,23,23,0,0.0,0,0,0.0,0,0.0,153,33.0,0,2017
Brett Moffitt,0,35.7,35.4,33.7,34.5,24,145,121,0,0.0,0,1,0.1,0,0.0,1554,32.9,0,2017
Ray Black Jr.,0,36.3,39.3,37.3,38.3,0,27,27,0,0.0,0,0,0.0,0,0.0,605,25.2,0,2017
Mark Thompson,0,36.0,39.0,39.0,36.7,1,16,15,0,0.0,0,0,0.0,0,0.0,25,23.7,0,2017
Justin Marks,0,31.0,40.0,40.0,37.2,-10,23,33,0,0.0,0,0,0.0,0,0.0,16,24.8,0,2017
David Starr,0,35.7,36.7,34.0,35.5,4,75,71,0,0.0,0,1,0.1,0,0.0,717,31.5,0,2017
Jimmie Johnson,5,12.1,9.7,14.0,11.8,329,3931,3602,2267,57.7,601,8004,78.2,737,7.2,10231,96.1,5040,2016
Joey Logano,3,8.1,11.9,10.5,9.7,-31,3323,3354,2239,67.4,395,8389,82.6,703,6.9,10160,101.2,5037,2016
Kyle Busch,4,9.6,8.8,11.5,9.3,145,2816,2671,1735,61.6,743,8746,88.1,1379,13.9,9925,104.9,5035,2016
Carl Edwards,3,7.2,10.8,13.9,10.8,-30,2662,2692,1401,52.6,651,8260,80.2,918,8.9,10303,98.0,5007,2016
Matt Kenseth,2,9.6,8.6,13.8,10.2,23,2678,2655,1470,54.9,543,8696,85.3,948,9.3,10197,99.6,2330,2016
Denny Hamlin,3,6.3,10.6,11.8,10.4,-87,3297,3384,1801,54.6,357,8217,80.9,524,5.2,10158,96.7,2320,2016
Kurt Busch,1,12.1,11.8,12.0,12.1,222,3650,3428,2124,58.2,147,7855,75.9,238,2.3,10348,88.6,2296,2016
Kevin Harvick,4,11.7,9.1,9.9,9.5,356,3276,2920,1950,59.5,985,8547,83.7,1384,13.5,10215,106.5,2289,2016
Kyle Larson,1,15.6,13.7,14.7,13.8,217,4016,3799,1908,47.5,323,6541,63.7,379,3.7,10271,87.8,2288,2016
Chase Elliott,0,11.3,11.8,14.6,12.6,113,3079,2966,1720,55.9,438,7306,71.3,358,3.5,10243,91.8,2285,2016
Martin Truex Jr.,4,9.1,9.6,13.9,9.8,143,2835,2692,1651,58.2,988,8693,85.2,1809,17.7,10199,103.8,2271,2016
Brad Keselowski,4,9.6,9.3,11.5,9.6,191,3157,2966,1999,63.3,451,8841,85.5,549,5.3,10337,99.1,2267,2016
Jamie McMurray,0,16.6,15.2,15.8,16.0,-102,4007,4109,2118,52.9,42,5850,57.4,0,0.0,10198,77.8,2231,2016
Austin Dillon,0,14.0,15.6,15.9,15.6,-35,3658,3693,1603,43.8,135,6408,62.4,17,0.2,10276,79.4,2223,2016
Tony Stewart,1,14.8,20.1,18.3,19.0,-90,2218,2308,555,25.0,43,2314,30.3,36,0.5,7631,71.2,2211,2016
Chris Buescher,1,26.3,27.4,26.1,27.2,-112,3130,3242,424,13.5,61,642,6.4,12,0.1,9992,51.2,2169,2016
Kasey Kahne,0,16.9,15.1,15.6,16.1,109,3331,3222,1626,48.8,164,6064,58.6,0,0.0,10355,78.5,898,2016
Ryan Newman,0,14.1,17.6,15.7,16.4,-70,2896,2966,987,34.1,87,5573,54.6,24,0.2,10215,76.5,895,2016
AJ Allmendinger,0,17.2,21.2,17.8,19.7,70,3303,3233,746,22.6,147,3242,32.4,29,0.3,10018,71.0,830,2016
Ryan Blaney,0,14.9,16.8,18.5,17.1,-1,4157,4158,1965,47.3,122,5128,51.2,11,0.1,10018,76.8,812,2016
Ricky Stenhouse Jr.,0,17.4,20.9,19.6,20.6,-91,3874,3965,1310,33.8,92,3174,33.2,6,0.1,9574,67.3,772,2016
Trevor Bayne,0,20.4,23.3,19.9,22.0,-183,3576,3759,1193,33.4,45,1986,19.4,34,0.3,10260,62.8,762,2016
Greg Biffle,0,20.2,20.0,21.6,20.1,-132,3603,3735,1106,30.7,89,3252,32.4,42,0.4,10046,66.6,691,2016
Danica Patrick,0,25.1,24.1,22.0,23.5,-207,3633,3840,583,16.0,55,856,8.3,30,0.3,10326,57.6,689,2016
Paul Menard,0,19.5,19.2,22.0,20.4,-60,4016,4076,1273,31.7,71,2635,27.0,20,0.2,9769,66.4,678,2016
Aric Almirola,0,23.9,22.6,23.3,23.2,125,4008,3883,977,24.4,69,1511,15.5,1,0.0,9747,59.1,638,2016
Clint Bowyer,0,30.7,25.9,23.6,26.5,47,2902,2855,495,17.1,130,511,5.0,3,0.0,10252,51.7,628,2016
Casey Mears,0,24.3,25.8,25.6,25.2,-83,2986,3069,654,21.9,61,699,7.0,7,0.1,9964,55.2,556,2016
Landon Cassill,0,31.6,28.8,26.3,28.8,-46,3159,3205,308,9.7,87,332,3.2,20,0.2,10286,45.4,530,2016
Michael McDowell,0,28.8,27.6,24.5,26.7,-96,3489,3585,624,17.9,26,331,3.7,0,0.0,8965,50.6,500,2016
Brian Scott,0,28.3,28.0,27.7,27.9,-158,2974,3132,431,14.5,57,359,3.6,6,0.1,9865,48.9,481,2016
Dale Earnhardt Jr.,0,16.3,14.2,15.6,14.7,124,1862,1738,849,45.6,152,3528,72.6,53,1.1,4861,86.1,461,2016
David Ragan,0,30.7,30.6,28.6,29.7,-115,2624,2739,277,10.6,76,195,2.0,9,0.1,9922,43.7,455,2016
Regan Smith,0,31.1,27.9,28.3,28.7,-5,3236,3241,346,10.7,47,197,2.1,8,0.1,9598,45.3,452,2016
Matt DiBenedetto,0,30.4,30.4,30.0,30.4,-88,2021,2109,70,3.5,52,124,1.4,1,0.0,9084,42.3,386,2016
Michael Annett,0,37.0,33.4,31.7,33.0,-35,1681,1716,56,3.3,32,43,0.5,7,0.1,9451,35.4,328,2016
Cole Whitt,0,35.3,33.4,30.5,32.9,-22,1130,1152,58,5.1,6,70,1.0,2,0.0,6667,36.5,276,2016
Jeff Gordon,0,16.4,13.5,13.9,14.8,-6,521,527,213,40.9,43,1723,67.0,7,0.3,2571,79.6,218,2016
Reed Sorenson,0,37.5,37.3,33.9,36.5,30,384,354,0,0.0,17,6,0.1,0,0.0,7695,29.2,198,2016
Josh Wise,0,38.2,37.3,35.0,36.6,-30,363,393,4,1.1,6,13,0.2,0,0.0,7215,28.2,168,2016
Jeffrey Earnhardt,0,38.0,36.6,33.8,36.1,-25,451,476,20,4.4,18,12,0.2,2,0.0,6922,29.9,159,2016
Brian Vickers,0,15.4,21.0,23.8,18.3,-13,672,685,281,41.8,9,798,55.0,0,0.0,1452,73.5,86,2016
Bobby Labonte,0,32.3,31.3,26.3,28.5,4,829,825,13,1.6,22,23,3.1,3,0.4,740,42.2,61,2016
David Gilliland,0,33.5,18.0,18.0,21.6,38,903,865,235,26.0,14,73,20.9,0,0.0,349,60.8,46,2016
Michael Waltrip,0,34.5,30.5,21.0,27.7,-19,661,680,19,2.9,22,26,6.7,3,0.8,388,47.1,42,2016
Boris Said,0,37.0,37.0,24.0,31.8,0,0,0,0,,0,0,0.0,0,0.0,90,38.2,17,2016
Patrick Carpentier,0,37.0,37.0,35.5,36.4,3,88,85,0,0.0,0,0,0.0,0,0.0,272,29.8,11,2016
Gray Gaulding,0,36.5,37.0,38.0,37.5,-10,17,27,0,0.0,1,0,0.0,0,0.0,656,26.2,6,2016
Eddie MacDonald,0,38.0,36.0,36.0,35.6,2,7,5,0,0.0,0,0,0.0,0,0.0,293,31.3,5,2016
Alex Kennedy,0,36.0,38.0,36.0,31.0,-10,47,57,2,4.3,0,3,3.9,0,0.0,76,47.8,5,2016
Robert Richardson,0,40.0,30.0,38.0,35.1,-21,77,98,0,0.0,5,4,3.0,0,0.0,135,27.0,3,2016
Ty Dillon,0,27.1,20.4,24.0,22.4,29,1160,1131,186,16.0,11,456,14.2,4,0.1,3212,57.2,0,2016
Joey Gase,0,38.2,36.7,35.5,37.0,3,53,50,0,0.0,0,0,0.0,0,0.0,1846,27.8,0,2016
Ryan Ellis,0,37.0,37.0,36.0,36.8,-4,93,97,0,0.0,0,0,0.0,0,0.0,1112,29.6,0,2016
Jeb Burton,0,38.0,36.0,32.5,34.4,-20,52,72,0,0.0,1,2,0.7,0,0.0,275,30.5,0,2016
Dylan Lupton,0,38.3,35.0,32.5,35.2,-7,121,128,3,2.5,0,2,0.2,0,0.0,1256,30.5,0,2016
Alex Bowman,0,12.3,21.1,19.7,17.1,34,1034,1000,385,37.2,108,1573,63.7,200,8.1,2470,82.9,0,2016
Justin Allgaier,0,39.0,28.0,40.0,32.8,15,58,43,0,0.0,0,0,0.0,0,0.0,354,36.3,0,2016
Timmy Hill,0,36.0,34.0,34.0,34.9,-15,9,24,0,0.0,0,0,0.0,0,0.0,386,32.5,0,2016
Ryan Reed,0,18.0,26.0,26.0,24.4,-37,281,318,33,11.7,6,12,6.3,0,0.0,192,67.0,0,2016
D.J. Kennington,0,39.0,38.0,35.0,37.1,6,14,8,0,0.0,0,0,0.0,0,0.0,316,28.8,0,2016
Kyle Busch,5,8.2,8.0,10.8,8.9,74,1804,1730,1020,56.5,494,6078,90.0,736,10.9,6752,108.2,5043,2015
Kevin Harvick,3,8.4,5.3,8.7,7.2,426,3171,2745,2084,65.7,1380,9510,93.4,2294,22.5,10180,118.9,5042,2015
Jeff Gordon,1,11.8,13.8,13.7,12.1,137,3490,3353,2248,64.4,218,8131,79.0,265,2.6,10292,92.7,5038,2015
Martin Truex Jr.,1,12.5,11.3,12.2,11.3,9,3294,3285,2032,61.7,411,8343,81.2,567,5.5,10272,99.7,5032,2015
Carl Edwards,2,9.1,11.0,14.0,11.4,-114,3316,3430,2050,61.8,342,7842,76.4,376,3.7,10269,95.7,2368,2015
Joey Logano,6,6.9,10.3,9.2,9.8,158,2486,2328,1590,64.0,603,8754,85.4,1431,14.0,10256,106.5,2360,2015
Brad Keselowski,1,10.0,9.2,11.1,10.2,203,3525,3322,2154,61.1,667,8364,80.8,1184,11.4,10347,101.7,2347,2015
Kurt Busch,2,10.1,9.5,11.1,9.5,296,3205,2909,2001,62.4,502,8220,85.7,788,8.2,9592,104.2,2333,2015
Denny Hamlin,2,11.7,13.6,13.6,13.0,121,3416,3295,2137,62.6,413,7128,69.4,529,5.1,10276,95.3,2327,2015
Jimmie Johnson,5,12.1,11.5,12.8,12.4,334,3439,3105,2039,59.3,498,7428,72.8,558,5.5,10207,99.3,2315,2015
Ryan Newman,0,15.3,15.8,13.5,16.7,36,2930,2894,1011,34.5,72,5116,49.3,20,0.2,10374,80.8,2314,2015
Dale Earnhardt Jr.,3,13.8,13.4,11.3,12.7,532,3103,2571,1795,57.8,303,6807,66.7,286,2.8,10208,97.1,2310,2015
Jamie McMurray,0,16.3,13.8,14.9,14.4,17,3908,3891,2056,52.6,112,7002,67.8,14,0.1,10331,84.4,2295,2015
Paul Menard,0,17.8,18.8,17.1,18.2,-177,3775,3952,1842,48.8,79,3982,38.7,10,0.1,10287,76.4,2262,2015
Matt Kenseth,5,11.5,12.3,14.3,11.8,45,3141,3096,1852,59.0,583,7648,82.5,927,10.0,9267,99.1,2234,2015
Clint Bowyer,0,20.5,18.8,18.8,19.3,78,3201,3123,1215,38.0,112,4285,44.0,11,0.1,9737,75.0,2175,2015
Aric Almirola,0,22.4,18.9,17.9,20.5,265,3487,3222,1052,30.2,72,3322,33.2,3,0.0,9992,73.0,940,2015
Kasey Kahne,0,14.9,15.5,18.1,16.1,118,3224,3106,1804,56.0,213,6252,63.2,66,0.7,9896,82.8,939,2015
Kyle Larson,0,13.3,14.1,19.3,14.4,11,3156,3145,1623,51.4,287,6635,69.6,115,1.2,9533,86.4,872,2015
Greg Biffle,0,19.9,22.4,20.0,21.4,-79,3105,3184,737,23.7,77,2161,20.9,40,0.4,10343,68.3,869,2015
Austin Dillon,0,17.0,18.8,21.0,19.4,-320,3390,3710,1337,39.4,100,4159,41.7,39,0.4,9973,73.9,832,2015
AJ Allmendinger,0,21.6,22.3,23.1,23.2,25,2623,2598,435,16.6,118,2140,21.4,55,0.5,10006,66.0,758,2015
Casey Mears,0,23.9,26.1,23.1,23.8,29,3194,3165,636,19.9,67,991,9.9,4,0.0,10035,61.6,754,2015
Danica Patrick,0,22.4,22.6,23.5,23.2,-27,3532,3559,488,13.8,64,1034,10.4,7,0.1,9965,63.2,716,2015
Ricky Stenhouse Jr.,0,23.6,24.6,24.3,24.2,62,3616,3554,779,21.5,90,1779,18.1,3,0.0,9850,62.4,712,2015
Sam Hornish Jr.,0,25.3,26.7,24.3,25.8,-86,3452,3538,594,17.2,149,670,6.6,22,0.2,10189,58.7,709,2015
David Ragan,0,17.2,21.5,24.6,21.4,-192,2900,3092,736,25.4,65,3003,30.4,8,0.1,9887,68.0,701,2015
Tony Stewart,0,18.3,21.8,24.8,22.0,-55,2769,2824,835,30.2,42,2730,27.7,24,0.2,9853,67.0,695,2015
Trevor Bayne,0,27.9,26.9,25.8,26.8,-145,3211,3356,666,20.7,41,634,6.4,0,0.0,9900,56.5,655,2015
Justin Allgaier,0,26.4,26.0,27.7,25.8,-100,3149,3249,409,13.0,45,1334,14.0,1,0.0,9526,57.0,588,2015
Cole Whitt,0,35.0,31.5,28.7,31.1,-184,2422,2606,143,5.9,15,131,1.3,5,0.1,9871,45.2,553,2015
David Gilliland,0,33.7,31.8,29.4,31.3,-3,2731,2734,345,12.6,58,217,2.2,7,0.1,10093,45.5,533,2015
Alex Bowman,0,34.4,33.4,31.6,32.3,-123,2276,2399,79,3.5,38,71,0.8,4,0.0,9212,44.0,437,2015
Brett Moffitt,0,33.8,33.0,30.5,32.6,-136,1701,1837,47,2.8,10,152,1.6,2,0.0,9432,42.9,422,2015
Matt DiBenedetto,0,36.5,33.3,32.0,33.6,-93,1896,1989,99,5.2,12,88,0.9,2,0.0,9358,39.5,399,2015
Michael Annett,0,34.7,33.9,32.7,33.3,-128,2155,2283,78,3.6,21,100,1.1,1,0.0,8862,41.3,398,2015
Josh Wise,0,36.8,34.4,33.5,34.7,-62,1367,1429,78,5.7,15,58,0.9,3,0.0,6317,37.5,254,2015
Jeb Burton,0,38.0,37.2,36.3,37.4,-192,814,1006,4,0.5,8,7,0.1,0,0.0,7348,31.7,216,2015
Michael McDowell,0,29.3,32.0,30.7,30.5,-71,1523,1594,346,22.7,19,153,3.4,0,0.0,4541,46.6,213,2015
Alex Kennedy,0,41.0,38.8,34.8,37.9,10,240,230,0,0.0,1,0,0.0,0,0.0,4166,30.8,120,2015
Reed Sorenson,0,38.4,38.0,35.9,36.9,11,370,359,10,2.7,16,9,0.3,1,0.0,2586,32.8,74,2015
Bobby Labonte,0,37.0,30.5,29.3,32.4,31,524,493,6,1.1,10,13,2.2,1,0.2,589,41.9,60,2015
Michael Waltrip,0,30.0,28.0,25.0,30.8,7,604,597,89,14.7,26,40,7.3,3,0.5,550,53.8,58,2015
Ryan Preece,0,40.0,36.4,37.0,37.0,-43,112,155,0,0.0,2,7,0.5,0,0.0,1463,32.6,35,2015
Brian Vickers,0,23.0,32.5,28.0,29.6,-8,85,93,31,36.5,0,93,18.8,0,0.0,496,51.7,32,2015
Will Kimmel III,0,41.5,40.5,38.5,39.8,-1,21,22,0,0.0,0,2,0.4,0,0.0,518,28.3,11,2015
Mike Wallace,0,16.0,40.0,36.0,39.6,-3,32,35,0,0.0,0,0,0.0,0,0.0,199,26.8,8,2015
Eddie MacDonald,0,41.0,38.0,37.0,38.9,3,9,6,0,0.0,0,0,0.0,0,0.0,295,32.3,7,2015
T.J. Bell,0,43.0,37.0,37.0,37.8,0,16,16,0,0.0,0,0,0.0,0,0.0,325,28.7,7,2015
Kyle Fowler,0,40.0,38.0,41.0,38.7,0,13,13,0,0.0,16,0,0.0,0,0.0,373,27.8,3,2015
Ron Hornaday Jr,0,34.0,41.0,42.0,41.0,-4,6,10,0,0.0,0,0,0.0,0,0.0,187,24.8,2,2015
Regan Smith,0,25.8,18.3,16.3,21.1,58,728,670,147,20.2,4,217,16.8,0,0.0,1293,68.6,0,2015
J.J. Yeley,0,37.1,35.7,34.5,36.0,-178,1468,1646,17,1.2,11,35,0.4,3,0.0,8896,35.2,0,2015
Landon Cassill,0,32.4,31.2,30.6,30.5,-90,2442,2532,351,14.4,23,309,3.3,0,0.0,9347,47.5,0,2015
Ty Dillon,0,27.8,15.0,21.8,19.5,-18,682,700,126,18.5,11,219,21.2,0,0.0,1033,71.5,0,2015
Ryan Blaney,0,14.5,25.1,25.3,22.2,-163,1892,2055,822,43.4,42,1500,41.4,5,0.1,3622,69.5,0,2015
Johnny Sauter,0,36.0,32.0,19.0,26.3,-19,301,320,6,2.0,5,4,2.0,0,0.0,203,50.2,0,2015
Matt Crafton,0,4.0,31.0,18.0,27.0,-16,369,385,68,18.4,3,14,6.9,0,0.0,203,54.7,0,2015
Brendan Gaughan,0,39.3,38.4,35.8,37.6,-57,272,329,10,3.7,9,13,0.7,0,0.0,1861,32.5,0,2015
Joe Nemechek,0,28.0,33.0,33.0,32.7,-16,52,68,0,0.0,0,3,0.9,1,0.3,318,39.2,0,2015
Mike Bliss,0,39.0,37.6,34.9,37.3,14,243,229,0,0.0,1,10,0.3,3,0.1,3528,31.6,0,2015
Brian Scott,0,22.8,23.3,26.9,23.4,4,845,841,238,28.2,5,573,24.1,0,0.0,2377,64.2,0,2015
Chris Buescher,0,36.0,28.5,26.7,31.4,-47,670,717,27,4.0,18,21,1.2,0,0.0,1821,45.0,0,2015
Chase Elliott,0,24.2,26.4,26.2,26.0,30,376,346,43,11.4,15,196,12.1,0,0.0,1617,58.8,0,2015
Jeff Green,0,33.0,41.0,40.0,41.3,0,7,7,0,0.0,0,0,0.0,0,0.0,386,25.9,0,2015
Joey Gase,0,38.7,41.3,41.0,40.2,-10,63,73,0,0.0,0,2,0.4,0,0.0,547,28.9,0,2015
Erik Jones,0,8.3,11.7,23.7,14.9,-6,176,182,102,58.0,9,639,80.5,1,0.1,794,79.4,0,2015
Travis Kvapil,0,41.5,38.8,35.5,37.9,-11,120,131,0,0.0,6,2,0.3,0,0.0,698,30.9,0,2015
Boris Said,0,35.5,29.5,29.0,32.1,-8,80,88,0,0.0,0,1,0.5,0,0.0,199,38.4,0,2015
Justin Marks,0,35.0,32.0,30.0,34.6,3,63,60,0,0.0,0,0,0.0,0,0.0,109,35.2,0,2015
Timmy Hill,0,41.8,41.3,39.3,40.7,21,77,56,0,0.0,4,0,0.0,0,0.0,2805,26.4,0,2015
Derek White,0,42.0,42.0,39.0,41.3,-4,3,7,0,0.0,0,0,0.0,0,0.0,290,25.2,0,2015
Jeffrey Earnhardt,0,42.0,39.5,37.5,39.4,-2,9,11,0,0.0,0,0,0.0,0,0.0,679,28.1,0,2015
BJ McLeod,0,39.0,38.0,34.0,37.0,0,3,3,0,0.0,0,0,0.0,0,0.0,293,32.8,0,2015
Ryan Ellis,0,42.0,41.0,40.0,40.9,0,6,6,0,0.0,0,0,0.0,0,0.0,211,27.8,0,2015
Kevin Harvick,5,9.1,8.4,12.9,9.5,136,3171,3035,1857,58.6,1233,8512,84.8,2137,21.3,10032,110.5,5043,2014
Ryan Newman,0,13.3,13.1,12.7,14.4,-56,3046,3102,1265,41.5,173,7100,67.8,41,0.4,10479,86.7,5042,2014
Denny Hamlin,1,14.5,14.2,14.3,13.6,-86,3242,3328,1860,57.4,227,7265,74.8,363,3.7,9710,91.5,5037,2014
Joey Logano,5,9.8,8.2,11.3,9.2,150,3544,3394,2185,61.7,517,9026,86.8,993,9.6,10394,106.7,5028,2014
Brad Keselowski,6,7.4,10.7,12.6,11.1,192,2868,2676,1849,64.5,849,8512,82.1,1540,14.9,10362,103.7,2361,2014
Jeff Gordon,4,9.0,9.6,10.4,9.0,367,2999,2632,1825,60.9,1045,8567,81.6,1083,10.3,10503,110.2,2348,2014
Matt Kenseth,0,14.0,13.6,13.2,13.3,37,2885,2848,1637,56.7,269,7916,76.5,529,5.1,10343,93.1,2334,2014
Dale Earnhardt Jr.,4,16.1,12.4,12.2,12.3,262,3319,3057,1919,57.8,439,7561,77.0,383,3.9,9818,97.8,2301,2014
Carl Edwards,2,13.5,16.7,15.1,16.8,-240,2917,3157,1324,45.4,179,5343,51.1,135,1.3,10457,80.9,2288,2014
Kyle Busch,1,13.1,17.3,17.6,16.3,4,2807,2803,1484,52.9,276,6712,67.9,453,4.6,9882,89.2,2285,2014
Jimmie Johnson,4,11.9,12.4,15.3,12.7,156,2848,2692,1738,61.0,683,7501,75.8,1310,13.2,9893,99.1,2274,2014
Kurt Busch,1,13.5,12.1,18.9,14.0,155,3807,3652,2216,58.2,214,6570,65.5,220,2.2,10025,87.8,2263,2014
AJ Allmendinger,1,19.7,21.7,20.2,21.1,61,3131,3070,891,28.5,116,2760,26.8,68,0.7,10280,70.8,2260,2014
Greg Biffle,0,18.7,17.2,16.4,17.8,-31,3531,3562,1488,42.1,89,4160,40.2,110,1.1,10350,77.7,2247,2014
Kasey Kahne,1,17.3,14.3,17.6,15.0,102,3832,3730,2121,55.3,304,5817,56.6,218,2.1,10275,87.4,2234,2014
Aric Almirola,1,19.1,20.3,21.4,20.5,42,3211,3169,1032,32.1,89,4120,42.2,23,0.2,9759,72.0,2195,2014
Kyle Larson,0,15.6,16.1,14.2,15.9,276,3772,3496,1795,47.6,246,5970,58.9,53,0.5,10142,84.7,1080,2014
Jamie McMurray,0,14.5,13.8,16.2,14.0,151,3045,2894,1596,52.4,264,7030,68.8,368,3.6,10225,89.7,1014,2014
Clint Bowyer,0,15.8,17.1,17.1,16.8,15,2816,2801,1157,41.1,222,5369,54.6,109,1.1,9834,83.4,979,2014
Austin Dillon,0,19.9,18.9,17.5,19.2,-176,3802,3978,1197,31.5,62,2757,26.3,10,0.1,10488,71.7,958,2014
Paul Menard,0,16.7,17.8,17.9,18.0,-76,3513,3589,1558,44.3,106,4741,46.5,45,0.4,10185,77.2,944,2014
Brian Vickers,0,14.1,15.3,18.6,16.7,-291,3160,3451,1496,47.3,106,5642,56.2,53,0.5,10047,78.8,921,2014
Marcos Ambrose,0,19.9,22.0,19.9,20.8,-44,3837,3881,1199,31.2,123,2502,24.3,50,0.5,10282,70.3,870,2014
Martin Truex Jr.,0,20.1,20.4,20.2,19.6,8,3469,3461,1347,38.8,62,3952,38.7,1,0.0,10217,71.2,857,2014
Tony Stewart,0,16.5,19.0,20.0,19.4,90,2388,2298,735,30.8,111,4217,45.3,125,1.3,9306,74.0,799,2014
Casey Mears,0,25.5,25.8,22.3,25.0,-109,3251,3360,793,24.4,55,872,8.4,4,0.0,10405,61.2,782,2014
Ricky Stenhouse Jr.,0,21.7,23.9,22.4,23.1,-101,3270,3371,724,22.1,63,1677,17.0,0,0.0,9836,62.6,757,2014
Danica Patrick,0,22.3,23.2,23.7,23.4,-289,3216,3505,723,22.5,47,1523,14.9,15,0.1,10220,63.0,735,2014
Justin Allgaier,0,25.9,26.1,25.9,25.4,-16,2877,2893,421,14.6,67,885,9.0,16,0.2,9880,58.4,636,2014
David Gilliland,0,31.0,30.2,28.8,28.8,170,2789,2619,366,13.1,50,286,2.8,14,0.1,10049,50.5,554,2014
Cole Whitt,0,33.4,31.9,29.3,31.2,-115,2686,2801,223,8.3,21,117,1.2,1,0.0,9977,45.3,532,2014
David Ragan,0,32.9,30.3,29.4,30.3,-78,3033,3111,692,22.8,22,317,3.1,14,0.1,10128,46.5,531,2014
Michael Annett,0,33.7,29.5,29.4,29.7,-103,3085,3188,443,14.4,28,236,2.4,5,0.1,9750,48.3,531,2014
Reed Sorenson,0,35.3,31.9,29.8,31.1,23,2826,2803,602,21.3,13,250,2.5,7,0.1,9856,45.6,516,2014
Alex Bowman,0,33.0,34.5,32.6,33.3,-193,2465,2658,222,9.0,49,92,0.9,0,0.0,9878,41.2,412,2014
Josh Wise,0,33.9,34.3,32.4,33.7,-21,2433,2454,223,9.2,32,97,1.0,0,0.0,9254,39.9,405,2014
Michael McDowell,0,27.5,30.5,30.6,30.1,-63,1914,1977,451,23.6,36,163,3.2,1,0.0,5122,49.0,255,2014
Travis Kvapil,0,36.5,34.3,33.9,35.7,-44,1321,1365,315,23.8,15,101,1.7,2,0.0,5857,36.3,214,2014
Ryan Truex,0,35.3,34.3,35.6,34.6,-154,1501,1655,199,13.3,6,79,1.4,0,0.0,5585,37.3,193,2014
Terry Labonte,0,27.0,27.5,22.0,28.5,-45,674,719,109,16.2,14,69,10.0,0,0.0,693,48.7,88,2014
Jeff Burton,0,25.3,23.0,22.3,22.1,-31,247,278,38,15.4,7,356,28.5,0,0.0,1247,68.9,87,2014
Michael Waltrip,0,36.3,26.0,25.3,31.6,12,572,560,26,4.5,23,35,5.5,4,0.6,637,46.6,76,2014
David Stremme,0,37.2,37.5,36.5,37.4,-6,261,267,1,0.4,20,0,0.0,0,0.0,3410,34.0,75,2014
Timmy Hill,0,41.5,39.4,38.4,39.1,-5,181,186,0,0.0,0,0,0.0,0,0.0,2044,28.6,62,2014
Brett Moffitt,0,34.4,37.6,35.4,37.3,-17,196,213,6,3.1,20,4,0.2,0,0.0,1863,34.4,60,2014
Bobby Labonte,0,24.3,31.7,26.0,28.2,-20,463,483,133,28.7,2,49,10.8,0,0.0,455,49.3,54,2014
Parker Kligerman,0,37.1,39.6,37.3,37.1,-46,407,453,9,2.2,12,6,0.3,0,0.0,2321,34.9,54,2014
Alex Kennedy,0,39.8,36.8,34.6,35.2,-5,215,220,5,2.3,0,6,0.9,0,0.0,699,34.5,47,2014
Juan Pablo Montoya,0,18.0,24.0,20.5,21.1,3,176,173,41,23.3,2,78,21.7,0,0.0,360,65.5,47,2014
Dave Blaney,0,38.3,36.1,37.4,38.1,-10,175,185,5,2.9,2,5,0.4,0,0.0,1252,31.0,46,2014
David Reutimann,0,32.3,33.7,32.0,33.0,11,163,152,0,0.0,0,12,1.3,1,0.1,934,42.0,37,2014
Boris Said,0,37.5,36.0,30.0,33.5,15,105,90,0,0.0,0,0,0.0,0,0.0,199,37.9,28,2014
Nelson Piquet Jr,0,32.0,33.0,26.0,29.8,8,59,51,5,8.5,0,5,5.6,0,0.0,90,47.0,18,2014
Eddie MacDonald,0,40.0,38.0,35.0,37.6,3,19,16,0,0.0,1,0,0.0,0,0.0,300,32.6,9,2014
Tomy Drissi,0,43.0,41.0,38.0,40.1,7,26,19,0,0.0,0,0,0.0,0,0.0,108,25.9,6,2014
Clay Rogers,0,35.5,43.0,43.0,41.6,-18,15,33,0,0.0,0,0,0.0,0,0.0,70,26.1,2,2014
Landon Cassill,0,34.9,31.6,28.8,31.2,-30,2985,3015,558,18.7,26,287,3.1,12,0.1,9216,45.7,0,2014
Brian Scott,0,21.8,34.7,32.3,29.4,-11,967,978,239,24.7,9,129,8.6,0,0.0,1506,51.8,0,2014
Trevor Bayne,0,21.3,24.7,32.3,25.1,-2,1928,1930,837,43.4,23,489,19.3,8,0.3,2533,57.0,0,2014
Joe Nemechek,0,40.6,38.9,36.5,38.1,24,339,315,0,0.0,2,12,0.3,1,0.0,4119,28.7,0,2014
Morgan Shepherd,0,42.5,41.0,41.0,40.9,3,8,5,0,0.0,0,0,0.0,0,0.0,306,25.9,0,2014
Blake Koch,0,41.2,38.8,35.8,38.5,-3,95,98,0,0.0,1,1,0.1,1,0.1,1660,28.7,0,2014
Sam Hornish Jr.,0,13.0,20.0,17.0,21.6,4,123,119,17,13.8,0,46,22.3,0,0.0,206,66.6,0,2014
J.J. Yeley,0,37.6,35.6,36.2,36.3,-28,858,886,159,18.5,5,54,1.2,0,0.0,4669,34.5,0,2014
Ryan Blaney,0,12.5,18.5,24.5,20.0,-92,563,655,266,47.2,2,117,25.6,15,3.3,457,67.4,0,2014
Mike Bliss,0,38.8,40.5,40.9,40.3,0,82,82,0,0.0,0,0,0.0,0,0.0,890,29.6,0,2014
Johnny Sauter,0,43.0,43.0,43.0,41.9,0,0,0,0,,0,0,0.0,0,0.0,11,27.8,0,2014
Regan Smith,0,13.0,26.0,37.0,24.9,3,64,61,6,9.4,0,5,6.2,0,0.0,81,51.6,0,2014
Ty Dillon,0,27.5,27.0,26.0,28.1,-17,43,60,0,0.0,0,0,0.0,0,0.0,642,52.0,0,2014
Joey Gase,0,42.5,39.3,36.0,39.0,9,71,62,0,0.0,1,0,0.0,0,0.0,1108,28.8,0,2014
Corey LaJoie,0,41.5,39.5,38.0,39.3,6,31,25,0,0.0,1,0,0.0,0,0.0,527,31.6,0,2014
Mike Wallace,0,39.2,38.2,34.7,38.1,4,77,73,0,0.0,1,0,0.0,0,0.0,1927,30.3,0,2014
Kyle Fowler,0,42.0,34.0,28.0,35.8,5,18,13,0,0.0,0,0,0.0,0,0.0,491,34.2,0,2014
Jimmie Johnson,6,9.8,8.6,10.7,9.3,238,3053,2815,1914,62.7,974,8368,81.2,1985,19.3,10306,110.3,2419,2013
Matt Kenseth,7,8.7,6.7,12.1,8.4,17,3082,3065,1821,59.1,795,9108,89.8,1783,17.6,10141,110.9,2400,2013
Kevin Harvick,4,15.3,13.6,11.2,12.6,305,3150,2845,1651,52.4,406,8422,82.5,269,2.6,10204,94.9,2385,2013
Kyle Busch,4,9.1,11.2,12.7,11.2,133,3126,2993,1683,53.8,592,8269,82.1,1227,12.2,10070,101.9,2364,2013
Dale Earnhardt Jr.,0,13.9,8.3,12.6,11.5,-77,3482,3559,1950,56.0,375,8100,79.0,342,3.3,10256,98.5,2363,2013
Jeff Gordon,1,12.9,14.6,14.4,13.6,63,3248,3185,1615,49.7,515,7588,76.1,434,4.4,9968,92.5,2337,2013
Clint Bowyer,0,14.2,11.1,11.9,12.7,137,3522,3385,1652,46.9,330,7818,75.2,354,3.4,10400,93.5,2336,2013
Joey Logano,1,12.0,13.9,14.1,13.8,-47,3518,3565,1812,51.5,294,6697,66.4,323,3.2,10093,92.2,2323,2013
Greg Biffle,1,16.1,16.7,14.4,16.3,-25,3513,3538,1553,44.2,166,5175,50.2,124,1.2,10304,83.0,2321,2013
Kurt Busch,0,13.2,15.4,14.7,14.2,62,3483,3421,1904,54.7,368,6450,61.9,448,4.3,10418,93.0,2309,2013
Ryan Newman,1,15.6,15.0,16.0,16.4,-109,3265,3374,1192,36.5,166,5271,52.7,128,1.3,9994,81.8,2286,2013
Kasey Kahne,2,11.6,13.4,16.2,14.0,212,2410,2198,1403,58.2,819,7480,73.6,677,6.7,10158,96.5,2283,2013
Carl Edwards,2,11.9,12.6,13.6,12.8,-273,3224,3497,1523,47.2,320,6851,66.9,524,5.1,10235,92.5,2282,2013
Brad Keselowski,1,11.8,12.5,14.9,12.8,65,3369,3304,1585,47.0,428,7148,69.7,476,4.6,10253,94.4,1041,2013
Jamie McMurray,1,17.7,14.8,16.5,16.2,-17,4068,4085,1720,42.3,153,5319,50.8,71,0.7,10474,81.2,1007,2013
Martin Truex Jr.,1,12.3,13.1,15.1,13.2,-183,4010,4193,2027,50.5,297,7217,71.0,353,3.5,10163,92.3,998,2013
Paul Menard,0,16.0,18.0,17.8,17.6,-228,3695,3923,1390,37.6,84,4494,43.5,72,0.7,10320,76.7,949,2013
Aric Almirola,0,18.3,17.4,18.8,18.4,-287,3795,4082,1155,30.4,55,3257,32.1,11,0.1,10140,74.7,913,2013
Ricky Stenhouse Jr.,0,18.3,21.5,18.9,20.6,-299,3998,4297,1372,34.3,101,2687,25.8,35,0.3,10416,70.0,909,2013
Jeff Burton,0,19.9,18.8,19.0,19.1,-124,3355,3479,896,26.7,122,4064,39.2,19,0.2,10364,74.1,906,2013
Juan Pablo Montoya,0,14.6,18.1,19.3,17.5,-50,2519,2569,1084,43.0,152,5211,50.7,138,1.3,10280,77.8,894,2013
Marcos Ambrose,0,17.4,20.7,19.9,19.5,-150,3428,3578,1176,34.3,86,2980,29.4,71,0.7,10129,73.4,872,2013
Denny Hamlin,1,10.0,14.0,21.0,15.6,-373,2943,3316,1247,42.4,174,5864,68.8,363,4.3,8522,82.4,753,2013
Casey Mears,0,26.9,27.6,24.2,26.3,-196,3431,3627,849,24.7,76,707,6.9,8,0.1,10303,56.7,719,2013
Mark Martin,0,18.1,20.6,20.9,19.5,-268,1980,2248,538,27.2,79,2876,34.8,98,1.2,8276,73.1,649,2013
David Gilliland,0,29.4,28.1,26.2,28.0,-209,2733,2942,369,13.5,44,497,4.9,8,0.1,10046,53.6,648,2013
Danica Patrick,0,30.1,26.9,26.1,27.2,-339,3511,3850,874,24.9,42,775,7.8,5,0.1,9946,53.6,646,2013
David Ragan,1,26.6,30.5,26.9,29.2,-333,2801,3134,240,8.6,68,339,3.6,22,0.2,9458,51.2,633,2013
Tony Stewart,1,16.0,19.6,16.1,17.5,20,1391,1371,594,42.7,56,2751,47.9,114,2.0,5744,79.0,594,2013
Dave Blaney,0,35.7,31.1,29.0,30.8,-318,2844,3162,153,5.4,50,100,1.1,4,0.0,9518,46.4,526,2013
Travis Kvapil,0,33.9,31.3,30.4,30.6,-192,3268,3460,272,8.3,36,163,1.8,7,0.1,9035,47.1,496,2013
J.J. Yeley,0,36.9,32.9,30.6,32.3,-296,2216,2512,301,13.6,43,213,2.3,9,0.1,9421,42.2,472,2013
David Reutimann,0,33.5,30.7,31.1,30.7,-165,2538,2703,236,9.3,34,270,2.9,1,0.0,9340,46.2,465,2013
Bobby Labonte,0,29.1,30.6,29.4,29.3,-119,1939,2058,107,5.5,61,298,4.3,7,0.1,6943,51.4,412,2013
AJ Allmendinger,0,22.3,20.8,21.2,22.3,-11,1663,1674,317,19.1,33,786,16.4,0,0.0,4781,67.0,410,2013
David Stremme,0,33.1,30.5,29.6,30.3,-145,1718,1863,290,16.9,38,210,3.1,1,0.0,6840,46.9,362,2013
Michael McDowell,0,33.2,39.5,37.7,37.3,-181,1917,2098,280,14.6,28,156,4.4,3,0.1,3515,36.9,210,2013
Timmy Hill,0,39.8,36.9,34.0,36.3,-102,467,569,10,2.1,1,17,0.3,0,0.0,5050,32.4,190,2013
Ken Schrader,0,38.6,35.5,32.2,34.8,-81,234,315,0,0.0,8,7,0.2,0,0.0,3448,35.4,118,2013
Michael Waltrip,0,18.0,15.8,15.8,24.0,-93,888,981,325,36.6,25,204,27.6,4,0.5,740,64.6,114,2013
Scott Speed,0,34.0,37.6,35.9,35.8,25,830,805,121,14.6,16,73,5.1,3,0.2,1428,37.0,99,2013
Terry Labonte,0,39.6,31.4,26.8,30.3,34,667,633,26,3.9,13,26,2.1,1,0.1,1228,41.7,87,2013
Boris Said,0,25.5,16.0,20.0,22.1,-45,82,127,6,7.3,0,46,23.0,0,0.0,200,67.1,48,2013
Ron Fellows,0,24.5,31.5,28.5,28.6,20,83,63,8,9.6,0,9,4.9,0,0.0,184,55.7,31,2013
Alex Kennedy,0,39.3,38.0,37.0,37.1,-14,78,92,3,3.8,0,2,1.4,0,0.0,142,33.4,21,2013
Justin Marks,0,36.0,38.0,30.0,33.5,-2,30,32,0,0.0,0,0,0.0,0,0.0,110,43.8,14,2013
Scott Riggs,0,40.6,42.0,42.3,41.4,3,31,28,0,0.0,0,0,0.0,0,0.0,274,28.0,11,2013
Victor Gonzalez Jr,0,38.0,36.0,39.0,35.0,2,62,60,4,6.5,0,6,4.1,0,0.0,148,36.3,10,2013
Brian Keselowski,0,43.0,38.0,39.5,39.2,2,13,11,0,0.0,0,0,0.0,0,0.0,233,26.8,9,2013
Tomy Drissi,0,41.5,38.5,40.0,38.6,0,28,28,0,0.0,0,0,0.0,0,0.0,147,28.9,8,2013
Jacques Villeneuve,0,22.0,41.0,41.0,39.7,1,14,13,0,0.0,0,0,0.0,0,0.0,19,34.6,3,2013
Jason Leffler,0,42.0,43.0,43.0,41.8,-4,1,5,0,0.0,0,0,0.0,0,0.0,8,28.3,1,2013
Brian Vickers,1,15.9,16.7,18.9,17.4,18,1164,1146,353,30.3,79,2413,44.9,19,0.4,5376,78.2,-50,2013
Josh Wise,0,34.7,35.4,34.9,34.8,-196,1406,1602,79,5.6,25,115,1.5,1,0.0,7739,37.8,0,2013
Austin Dillon,0,19.5,24.2,23.1,23.3,-219,1688,1907,494,29.3,26,395,14.0,0,0.0,2829,65.1,0,2013
Trevor Bayne,0,25.1,22.8,25.3,24.1,-125,2138,2263,673,31.5,36,320,11.9,1,0.0,2678,58.9,0,2013
Joe Nemechek,0,39.6,37.7,36.2,37.6,3,615,612,2,0.3,47,12,0.2,0,0.0,7168,30.6,0,2013
Regan Smith,0,32.7,24.7,16.3,22.3,0,833,833,289,34.7,31,196,10.2,1,0.1,1918,69.0,0,2013
Mike Bliss,0,36.9,41.1,41.3,40.3,-55,126,181,0,0.0,3,3,0.3,0,0.0,881,29.3,0,2013
Landon Cassill,0,36.1,34.2,32.3,33.8,-126,1390,1516,40,2.9,32,50,0.6,2,0.0,8798,38.9,0,2013
Sam Hornish Jr.,0,4.0,24.0,37.0,23.0,-2,56,58,9,16.1,4,79,43.6,0,0.0,181,64.6,0,2013
Elliott Sadler,0,23.2,26.8,24.6,25.4,-105,339,444,35,10.3,1,97,6.5,6,0.4,1493,58.3,0,2013
Paulie Harraka,0,40.0,39.0,39.0,39.9,1,3,2,0,0.0,0,0,0.0,0,0.0,89,26.5,0,2013
Morgan Shepherd,0,41.0,40.0,41.0,39.3,-9,2,11,0,0.0,0,0,0.0,0,0.0,92,25.3,0,2013
Tony Raines,0,41.4,38.8,38.4,38.5,-23,166,189,1,0.6,0,3,0.2,0,0.0,1914,30.0,0,2013
Max Papis,0,29.0,33.0,15.0,21.7,5,70,65,7,10.0,0,16,17.8,0,0.0,90,68.9,0,2013
Owen Kelly,0,23.0,24.0,24.0,22.4,-8,58,66,3,5.2,0,5,5.6,0,0.0,90,62.0,0,2013
Brendan Gaughan,0,39.0,36.0,33.0,33.8,-20,41,61,2,4.9,0,0,0.0,0,0.0,196,35.6,0,2013
Johnny Sauter,0,41.0,41.0,42.0,39.9,-11,8,19,0,0.0,0,0,0.0,0,0.0,137,30.7,0,2013
Ryan Truex,0,30.7,37.7,36.3,37.0,-35,87,122,0,0.0,17,0,0.0,0,0.0,826,35.7,0,2013
Reed Sorenson,0,36.7,39.0,40.7,39.1,-46,92,138,1,1.1,3,0,0.0,0,0.0,977,30.0,0,2013
Justin Allgaier,0,29.3,24.3,30.3,26.3,-91,991,1082,290,29.3,6,75,8.4,0,0.0,898,55.6,0,2013
Cole Whitt,0,30.3,31.1,33.9,32.2,-36,738,774,178,24.1,9,34,1.8,0,0.0,1920,41.8,0,2013
Kevin Swindell,0,33.0,41.0,38.0,40.0,9,16,7,0,0.0,0,0,0.0,0,0.0,244,32.1,0,2013
Brian Scott,0,19.0,29.0,27.0,27.2,-10,56,66,0,0.0,1,0,0.0,0,0.0,330,56.0,0,2013
Blake Koch,0,43.0,38.0,38.0,38.3,3,12,9,0,0.0,0,0,0.0,0,0.0,216,28.5,0,2013
Kyle Larson,0,25.8,23.0,29.3,26.6,-27,344,371,45,13.1,8,88,8.8,1,0.1,1005,59.7,0,2013
Parker Kligerman,0,26.5,26.5,21.5,24.9,-33,153,186,0,0.0,4,0,0.0,0,0.0,599,58.8,0,2013
Brad Keselowski,5,16.2,10.5,10.1,11.2,119,3676,3557,2201,59.9,538,8059,78.0,735,7.1,10328,99.0,2400,2012
Clint Bowyer,3,12.8,11.9,10.9,11.8,103,2850,2747,1618,56.8,342,8006,77.9,388,3.8,10271,96.5,2361,2012
Jimmie Johnson,5,10.6,8.8,11.2,9.2,250,2390,2140,1572,65.8,1171,8813,88.8,1744,17.6,9924,109.5,2360,2012
Kasey Kahne,2,8.8,11.6,13.1,12.6,64,3035,2971,1840,60.6,696,7626,76.9,282,2.8,9919,96.3,2345,2012
Greg Biffle,2,9.9,10.2,10.2,10.3,56,2989,2933,1912,64.0,355,7759,74.6,721,6.9,10397,99.5,2332,2012
Denny Hamlin,5,11.9,11.7,12.8,10.7,39,2515,2476,1415,56.3,801,7721,75.2,1226,11.9,10274,100.9,2329,2012
Matt Kenseth,3,13.3,8.1,11.1,10.4,136,2958,2822,1923,65.0,357,7857,75.8,480,4.6,10367,99.9,2324,2012
Kevin Harvick,1,14.6,11.6,12.1,12.9,175,3276,3101,1547,47.2,269,7362,70.8,256,2.5,10398,91.0,2321,2012
Tony Stewart,3,18.3,14.8,13.6,15.4,175,3113,2938,1508,48.4,264,5340,52.4,420,4.1,10195,86.1,2311,2012
Jeff Gordon,2,12.9,11.3,14.1,11.4,132,3037,2905,1986,65.4,658,8017,80.1,568,5.7,10006,98.0,2303,2012
Martin Truex Jr.,0,12.1,12.6,12.1,12.0,-12,3036,3048,1671,55.0,367,8001,79.2,434,4.3,10100,95.6,2299,2012
Dale Earnhardt Jr.,1,15.4,12.1,10.9,11.6,91,3173,3082,1879,59.2,331,7248,73.8,358,3.6,9817,95.9,2245,2012
Kyle Busch,1,10.2,12.0,13.3,11.2,105,3023,2918,1993,65.9,635,7642,77.6,1436,14.6,9844,101.5,1133,2012
Ryan Newman,1,10.9,15.4,15.0,15.8,-229,2652,2881,1280,48.3,78,5633,57.7,39,0.4,9767,82.0,1051,2012
Carl Edwards,0,14.5,15.4,15.6,15.5,-58,2835,2893,1443,50.9,225,5865,58.8,254,2.5,9968,84.2,1030,2012
Paul Menard,0,16.2,17.8,15.5,17.3,-73,3328,3401,1325,39.8,78,4098,39.4,26,0.2,10406,78.0,1006,2012
Joey Logano,1,11.9,17.2,17.4,16.7,-171,3023,3194,1267,41.9,149,5165,50.5,190,1.9,10224,79.4,965,2012
Marcos Ambrose,1,14.3,17.0,17.9,16.9,-101,3619,3720,1818,50.2,177,4036,39.6,74,0.7,10198,79.9,950,2012
Jeff Burton,0,23.1,20.6,19.6,19.6,-16,3487,3503,1204,34.5,89,3174,31.3,38,0.4,10139,72.3,883,2012
Jamie McMurray,0,21.3,19.9,20.1,19.4,-3,3649,3652,1504,41.2,91,2661,26.1,58,0.6,10206,73.0,868,2012
Aric Almirola,0,16.2,19.4,20.0,19.1,-214,3603,3817,1559,43.3,132,3681,36.6,78,0.8,10045,73.6,868,2012
Juan Pablo Montoya,0,23.3,20.6,21.7,21.5,-39,3260,3299,988,30.3,98,2324,23.1,22,0.2,10079,67.4,810,2012
Bobby Labonte,0,26.6,24.6,22.6,24.9,-140,2436,2576,295,12.1,49,987,9.8,1,0.0,10071,59.7,772,2012
Regan Smith,0,18.2,22.3,22.1,21.8,-124,2664,2788,681,25.6,48,1716,19.5,2,0.0,8819,67.1,747,2012
Kurt Busch,0,22.2,20.3,23.2,20.9,13,3002,2989,1234,41.1,174,2738,28.1,19,0.2,9738,71.0,735,2012
Mark Martin,0,9.1,12.4,15.2,11.8,-157,1905,2062,1079,56.6,182,5251,79.7,197,3.0,6590,93.2,701,2012
Travis Kvapil,0,36.6,28.0,25.7,28.7,84,2499,2415,275,11.0,46,204,2.1,13,0.1,9604,51.0,638,2012
David Ragan,0,29.9,29.1,27.0,29.0,-183,2498,2681,409,16.4,42,237,2.4,13,0.1,9685,49.2,622,2012
Casey Mears,0,26.4,28.0,27.2,27.3,-35,2767,2802,731,26.4,63,523,6.1,41,0.5,8616,54.5,612,2012
David Gilliland,0,33.8,28.5,27.3,29.0,-120,2355,2475,385,16.3,60,243,2.6,5,0.1,9503,49.8,605,2012
Landon Cassill,0,29.0,29.5,27.5,28.5,-104,2613,2717,435,16.6,61,226,2.4,5,0.1,9593,51.8,598,2012
AJ Allmendinger,0,16.3,22.4,22.6,20.0,-31,1803,1834,733,40.7,112,2423,41.7,99,1.7,5816,74.5,453,2012
Dave Blaney,0,35.2,32.4,31.8,31.9,-9,2062,2071,394,19.1,40,215,3.3,7,0.1,6607,44.9,417,2012
David Reutimann,0,31.9,29.2,29.1,28.7,-77,1966,2043,328,16.7,26,137,2.2,0,0.0,6132,52.1,388,2012
Brian Vickers,0,16.0,14.5,13.3,15.3,11,387,376,179,46.3,99,1791,65.7,158,5.8,2726,89.1,250,2012
David Stremme,0,32.6,34.8,35.6,34.8,-120,1059,1179,186,17.6,53,66,1.8,0,0.0,3612,37.5,236,2012
Michael McDowell,0,29.1,38.1,37.8,37.2,-189,827,1016,61,7.4,14,31,1.0,1,0.0,3001,36.8,187,2012
J.J. Yeley,0,37.2,37.4,37.1,37.5,-5,388,393,4,1.0,4,4,0.1,1,0.0,3134,33.5,166,2012
Josh Wise,0,33.2,39.1,39.1,39.0,-160,314,474,15,4.8,14,6,0.4,3,0.2,1590,32.0,147,2012
Ken Schrader,0,39.5,34.3,32.8,34.6,-65,217,282,0,0.0,9,2,0.1,0,0.0,3660,36.2,146,2012
Stephen Leicht,0,39.1,36.3,35.6,36.7,37,172,135,0,0.0,13,0,0.0,0,0.0,2067,32.6,126,2012
Scott Speed,0,30.6,37.6,36.7,37.1,27,294,267,16,5.4,16,20,1.4,0,0.0,1411,37.5,124,2012
Terry Labonte,0,34.0,28.3,20.8,26.8,-39,632,671,51,8.1,21,39,5.6,3,0.4,694,55.3,94,2012
Michael Waltrip,0,21.8,23.5,20.8,21.3,-22,934,956,540,57.8,16,243,30.2,21,2.6,804,70.9,94,2012
Tony Raines,0,41.4,35.1,33.9,35.6,-49,171,220,6,3.5,6,17,2.2,0,0.0,771,35.5,71,2012
Scott Riggs,0,36.6,41.1,41.2,40.8,-136,84,220,0,0.0,3,4,0.8,0,0.0,511,30.9,56,2012
Brendan Gaughan,0,33.0,34.8,31.5,33.3,-61,62,123,2,3.2,0,79,7.5,0,0.0,1057,42.7,50,2012
Boris Said,0,26.5,28.0,27.0,28.3,3,76,73,1,1.3,0,1,0.5,0,0.0,200,49.2,34,2012
Bill Elliott,0,21.0,28.0,37.0,28.0,-27,183,210,55,30.1,2,63,39.4,0,0.0,160,51.1,14,2012
Hermie Sadler,0,41.0,33.0,31.0,34.0,-14,24,38,0,0.0,0,0,0.0,0,0.0,505,33.8,13,2012
Robby Gordon,0,30.0,37.3,40.3,37.5,-8,76,84,0,0.0,4,1,0.8,0,0.0,131,35.6,11,2012
Mike Olsen,0,42.0,33.0,33.0,34.2,1,9,8,0,0.0,0,0,0.0,0,0.0,289,34.8,11,2012
Mike Skinner,0,40.0,40.8,40.8,40.3,20,28,8,0,0.0,0,1,1.2,0,0.0,82,32.4,10,2012
Kelly Bires,0,41.0,41.0,41.0,40.9,4,12,8,0,0.0,0,0,0.0,0,0.0,67,30.6,9,2012
Tomy Drissi,0,41.0,37.0,38.0,37.1,2,16,14,0,0.0,0,0,0.0,0,0.0,78,31.6,6,2012
Stacy Compton,0,39.0,38.0,39.0,37.8,1,5,4,0,0.0,0,1,4.2,0,0.0,24,35.4,5,2012
David Mayhew,0,33.0,40.0,40.0,38.3,0,5,5,0,0.0,0,0,0.0,0,0.0,25,36.5,4,2012
Patrick Long,0,43.0,42.0,42.0,42.0,1,1,0,0,0.0,0,0,0.0,0,0.0,2,32.4,2,2012
Joe Nemechek,0,37.0,39.0,39.0,38.8,-84,263,347,1,0.4,5,4,0.3,0,0.0,1507,31.8,0,2012
Elliott Sadler,0,10.0,26.0,27.0,24.1,-29,151,180,45,29.8,0,35,17.9,0,0.0,196,53.1,0,2012
Danica Patrick,0,36.1,28.3,28.3,30.6,-19,476,495,16,3.4,8,21,0.7,0,0.0,3115,46.3,0,2012
Ricky Stenhouse Jr.,0,23.5,23.8,26.5,25.3,-18,306,324,37,12.1,7,194,20.5,0,0.0,946,62.2,0,2012
Trevor Bayne,0,17.7,21.7,22.5,22.6,-137,2523,2660,1096,43.4,47,591,15.3,9,0.2,3852,64.9,0,2012
Mike Bliss,0,35.5,39.6,39.5,39.5,-87,142,229,0,0.0,1,3,0.4,1,0.1,831,32.7,0,2012
Timmy Hill,0,40.0,35.6,34.2,35.8,-45,158,203,6,3.8,2,2,0.2,0,0.0,811,34.6,0,2012
Reed Sorenson,0,38.3,39.7,39.2,39.8,-58,206,264,0,0.0,3,0,0.0,0,0.0,1749,31.1,0,2012
Sam Hornish Jr.,0,16.8,17.0,19.4,17.8,36,1955,1919,805,41.2,74,2304,42.3,16,0.3,5448,75.7,0,2012
Cole Whitt,0,37.4,39.4,39.4,39.6,-24,108,132,18,16.7,0,6,3.3,0,0.0,183,30.6,0,2012
Robert Richardson,0,41.0,35.5,31.0,31.8,-13,264,277,0,0.0,20,0,0.0,0,0.0,362,39.7,0,2012
T.J. Bell,0,40.6,33.6,31.4,33.9,9,162,153,2,1.2,2,0,0.0,0,0.0,1468,35.9,0,2012
Austin Dillon,0,22.0,15.0,24.0,21.9,-7,56,63,9,16.1,0,23,11.6,0,0.0,198,65.1,0,2012
Chris Cook,0,38.5,41.5,41.5,41.2,4,6,2,0,0.0,0,0,0.0,0,0.0,18,30.4,0,2012
Jason White,0,41.0,31.0,31.0,32.6,-2,29,31,0,0.0,1,0,0.0,0,0.0,81,36.8,0,2012
Jason Leffler,0,37.4,38.6,37.8,38.4,4,30,26,0,0.0,5,0,0.0,0,0.0,560,33.3,0,2012
Tony Stewart,5,16.6,11.6,11.8,12.7,224,3809,3585,2028,53.2,593,6578,60.8,919,8.5,10816,95.0,2403,2011
Carl Edwards,1,9.0,11.4,9.4,11.7,14,3023,3009,1755,58.1,772,8129,76.8,948,9.0,10580,100.8,2403,2011
Kevin Harvick,4,18.4,12.8,11.1,12.8,195,3867,3672,1999,51.7,307,7650,71.6,423,4.0,10687,92.2,2345,2011
Matt Kenseth,3,14.3,10.0,11.8,11.6,125,3588,3463,2101,58.6,552,7784,73.0,888,8.3,10657,97.8,2330,2011
Brad Keselowski,3,14.2,15.1,14.4,14.6,-234,3879,4113,1707,44.0,338,6132,57.3,316,3.0,10706,86.2,2319,2011
Jimmie Johnson,2,13.1,12.3,11.7,11.8,162,3576,3414,1899,53.1,824,7842,72.6,1128,10.4,10797,98.3,2304,2011
Dale Earnhardt Jr.,0,18.6,15.0,14.4,15.8,80,4301,4221,1962,45.6,209,5652,52.3,56,0.5,10799,81.8,2290,2011
Jeff Gordon,3,13.9,11.9,12.9,12.5,281,3643,3362,1739,47.7,701,7370,69.2,933,8.8,10656,95.6,2287,2011
Ryan Newman,1,11.8,15.0,13.5,13.7,-178,3856,4034,2109,54.7,212,6856,63.4,421,3.9,10815,87.5,2284,2011
Denny Hamlin,1,16.8,13.2,15.5,14.1,156,3867,3711,2038,52.7,386,6845,63.9,450,4.2,10717,87.4,2284,2011
Kurt Busch,2,12.1,13.0,13.9,12.6,-86,4087,4173,2307,56.4,373,6829,63.5,780,7.2,10760,93.6,2262,2011
Kyle Busch,4,15.0,8.3,12.6,10.2,358,3605,3247,2337,64.8,723,8410,83.8,1480,14.8,10030,103.2,2246,2011
Clint Bowyer,1,15.5,14.0,15.0,14.0,222,4191,3969,2330,55.6,188,6149,57.6,359,3.4,10676,87.5,1047,2011
Kasey Kahne,1,11.2,15.8,15.7,14.8,34,3824,3790,1887,49.3,510,6182,62.1,348,3.5,9954,88.2,1041,2011
AJ Allmendinger,0,14.4,16.1,15.5,16.7,133,4485,4352,1756,39.2,189,5421,51.7,51,0.5,10489,81.5,1013,2011
Greg Biffle,0,14.3,15.6,16.1,15.3,56,3750,3694,1752,46.7,411,6216,58.1,397,3.7,10706,87.1,997,2011
Paul Menard,1,11.5,16.3,17.6,16.2,-479,4148,4627,2047,49.3,96,4764,45.9,87,0.8,10374,79.2,947,2011
Martin Truex Jr.,0,16.6,14.5,17.4,15.7,-284,4040,4324,1865,46.2,244,5680,55.2,155,1.5,10283,82.2,937,2011
Marcos Ambrose,1,17.0,19.5,17.9,18.4,-70,3553,3623,1190,33.5,205,4432,43.0,49,0.5,10313,76.6,936,2011
Jeff Burton,0,19.7,17.1,17.3,16.2,-82,4226,4308,1801,42.6,151,4602,43.3,143,1.3,10632,81.6,935,2011
Juan Pablo Montoya,0,17.5,17.4,18.1,16.9,-176,4345,4521,1653,38.0,170,4332,40.1,126,1.2,10791,76.1,932,2011
Mark Martin,0,15.1,17.2,18.1,17.8,-256,3628,3884,1289,35.5,142,4216,40.5,78,0.7,10414,74.8,930,2011
David Ragan,1,14.6,18.4,18.5,17.6,8,3751,3743,1775,47.3,111,4679,46.0,71,0.7,10171,78.7,906,2011
Joey Logano,0,17.7,19.4,18.8,18.7,-47,4100,4147,1732,42.2,89,3408,32.8,58,0.6,10378,73.3,902,2011
Brian Vickers,0,19.6,21.9,20.1,21.0,-29,3459,3488,1193,34.5,94,3041,30.0,7,0.1,10152,70.5,846,2011
Regan Smith,1,15.1,20.2,20.9,19.8,-247,4018,4265,1535,38.2,60,2904,28.9,39,0.4,10043,70.0,820,2011
Jamie McMurray,0,17.4,19.5,21.2,19.9,-241,4013,4254,1427,35.6,182,3777,38.5,106,1.1,9819,70.5,795,2011
David Reutimann,0,20.1,21.3,21.5,20.7,-278,3812,4090,1264,33.2,112,3281,31.4,8,0.1,10451,68.7,757,2011
Bobby Labonte,0,21.7,23.2,23.8,23.9,-364,3322,3686,734,22.1,73,1487,14.3,6,0.1,10405,59.2,670,2011
David Gilliland,0,33.7,28.2,27.6,28.9,-130,2721,2851,484,17.8,54,399,4.1,7,0.1,9745,48.2,572,2011
Casey Mears,0,30.5,28.5,28.2,28.9,-170,2562,2732,533,20.8,68,387,4.4,10,0.1,8867,50.3,541,2011
Dave Blaney,0,35.5,30.9,29.4,30.3,-181,2658,2839,590,22.2,46,302,3.2,28,0.3,9463,45.0,508,2011
Andy Lally,0,36.6,31.4,30.3,32.3,-192,1739,1931,211,12.1,20,139,1.8,8,0.1,7529,38.2,398,2011
Robby Gordon,0,35.8,33.5,32.8,32.8,13,1589,1576,386,24.3,30,270,7.0,18,0.5,3834,41.1,268,2011
J.J. Yeley,0,33.8,36.9,36.6,36.5,-85,834,919,117,14.0,15,144,4.6,24,0.8,3099,36.4,192,2011
Michael McDowell,0,33.4,39.0,39.3,38.6,-124,453,577,10,2.2,9,28,1.4,5,0.3,1989,33.6,139,2011
Tony Raines,0,39.4,34.1,32.3,34.3,24,187,163,0,0.0,2,7,0.2,0,0.0,3194,33.9,129,2011
Ken Schrader,0,39.0,33.6,28.4,31.3,-4,307,311,39,12.7,4,36,1.5,2,0.1,2472,40.6,110,2011
Terry Labonte,0,38.1,27.4,29.9,29.8,-60,991,1051,142,14.3,14,96,6.6,2,0.1,1461,40.6,102,2011
Bill Elliott,0,31.7,26.0,22.5,25.3,-105,502,607,153,30.5,13,98,6.4,0,0.0,1522,50.9,100,2011
David Stremme,0,32.8,38.1,38.4,37.9,-92,194,286,5,2.6,5,7,0.4,0,0.0,1559,33.5,80,2011
Michael Waltrip,0,12.8,19.8,19.0,22.4,-70,606,676,276,45.5,8,158,31.0,1,0.2,510,59.4,56,2011
Boris Said,0,23.0,25.7,25.0,26.4,9,131,122,27,20.6,1,24,11.7,0,0.0,205,49.1,38,2011
Geoff Bodine,0,39.8,35.8,35.8,35.7,-71,62,133,2,3.2,3,3,0.4,0,0.0,774,32.2,33,2011
T.J. Bell,0,35.3,35.0,33.8,33.5,-37,124,161,15,12.1,1,16,3.4,0,0.0,473,35.7,29,2011
Stephen Leicht,0,40.0,24.0,24.0,22.6,-8,82,90,10,12.2,4,49,12.3,0,0.0,399,59.5,20,2011
Andy Pilgrim,0,43.0,34.0,26.0,29.7,-19,92,111,11,12.0,0,8,7.3,0,0.0,110,46.6,18,2011
Chris Cook,0,42.0,35.0,27.0,34.8,8,42,34,0,0.0,0,0,0.0,0,0.0,110,38.9,17,2011
Travis Kvapil,0,32.3,32.6,30.5,31.8,-168,1799,1967,361,20.1,33,207,2.9,13,0.2,7133,42.6,11,2011
Brian Simo,0,40.0,31.0,33.0,32.6,-16,45,61,0,0.0,0,1,0.9,0,0.0,109,38.6,11,2011
Brian Keselowski,0,21.0,27.3,22.0,25.9,-19,105,124,37,35.2,7,20,15.6,0,0.0,128,40.5,3,2011
Steve Park,0,33.0,42.0,42.0,42.0,-1,1,2,0,0.0,0,0,0.0,0,0.0,4,26.9,2,2011
Erik Darnell,0,37.5,40.5,40.5,40.2,-5,13,18,0,0.0,1,2,2.5,0,0.0,80,29.7,2,2011
Derrike Cope,0,19.0,19.0,18.3,20.8,-25,59,84,18,30.5,1,47,34.8,1,0.7,135,34.6,0,2011
Kevin Conway,0,22.0,33.8,34.0,33.8,-17,52,69,19,36.5,3,11,12.0,0,0.0,92,30.1,0,2011
Joe Nemechek,0,34.3,38.4,39.2,38.7,41,567,526,68,12.0,8,70,5.1,4,0.3,1361,31.9,0,2011
Robert Richardson,0,24.5,29.0,27.0,27.5,-58,84,142,5,6.0,4,7,6.7,0,0.0,105,32.9,0,2011
Steve Wallace,0,27.0,22.0,21.0,19.5,-65,322,387,98,30.4,3,53,20.2,0,0.0,262,48.0,0,2011
Trevor Bayne,1,17.9,26.5,25.4,24.5,-32,2367,2399,843,35.6,64,729,17.8,11,0.3,4095,63.4,0,2011
Todd Bodine,0,28.8,30.0,30.8,29.7,4,124,120,73,58.9,2,44,23.2,0,0.0,190,39.8,0,2011
Landon Cassill,0,28.7,29.2,28.8,29.1,-229,2558,2787,715,28.0,34,426,5.4,13,0.2,7917,48.9,0,2011
Mike Skinner,0,35.8,38.7,38.4,38.7,-14,256,270,37,14.5,5,51,3.8,3,0.2,1343,32.9,0,2011
Dennis Setzer,0,40.0,36.0,38.0,37.4,-1,7,8,0,0.0,1,0,0.0,0,0.0,336,26.8,0,2011
Hermie Sadler,0,39.7,32.7,29.0,33.3,-37,83,120,8,9.6,1,7,0.5,0,0.0,1303,36.3,0,2011
David Starr,0,33.4,24.8,30.4,29.6,3,272,269,36,13.2,0,22,1.8,2,0.2,1254,45.0,0,2011
Mike Bliss,0,40.0,32.1,30.1,31.7,-28,1041,1069,110,10.6,2,91,1.7,3,0.1,5311,41.6,0,2011
Scott Wimmer,0,40.3,36.5,35.0,36.2,-77,67,144,0,0.0,0,5,1.0,1,0.2,518,34.4,0,2011
Ricky Stenhouse Jr.,0,9.0,28.0,11.0,23.0,12,161,149,41,25.5,0,76,18.9,0,0.0,402,72.3,0,2011
Johnny Sauter,0,41.0,37.0,36.0,37.0,4,8,4,0,0.0,0,0,0.0,0,0.0,101,32.5,0,2011
Scott Riggs,0,39.5,42.3,42.3,41.9,-24,15,39,0,0.0,0,1,1.1,0,0.0,95,28.6,0,2011
Patrick Carpentier,0,40.0,33.0,30.0,33.4,4,58,54,8,13.8,0,1,0.4,0,0.0,265,37.6,0,2011
Sam Hornish Jr.,0,26.0,38.0,35.0,35.7,-25,13,38,0,0.0,0,0,0.0,0,0.0,140,42.4,0,2011
P.J. Jones,0,35.0,43.0,43.0,42.5,-6,3,9,0,0.0,0,0,0.0,0,0.0,5,29.4,0,2011
Jeff Green,0,36.0,43.0,43.0,43.0,-3,4,7,0,0.0,0,0,0.0,0,0.0,11,28.8,0,2011
Scott Speed,0,34.2,38.8,38.5,38.8,-38,103,141,0,0.0,3,3,0.3,0,0.0,1162,31.4,0,2011
Jason White,0,41.0,32.0,33.0,32.1,-3,51,54,13,25.5,0,7,3.6,0,0.0,197,37.4,0,2011
Ron Fellows,0,38.0,19.0,30.0,25.0,31,71,40,18,25.4,0,7,7.7,0,0.0,91,52.5,0,2011
Andrew Ranger,0,35.0,34.0,35.0,31.4,-10,27,37,0,0.0,0,0,0.0,0,0.0,75,41.7,0,2011
Josh Wise,0,36.3,39.5,39.5,39.5,11,28,17,0,0.0,0,2,1.3,0,0.0,149,33.0,0,2011
Reed Sorenson,0,38.0,37.3,37.3,37.3,-3,13,16,0,0.0,0,6,3.6,1,0.6,166,34.6,0,2011
Austin Dillon,0,26.0,30.0,26.0,28.5,-7,77,84,5,6.5,0,1,0.4,0,0.0,270,52.1,0,2011
Cole Whitt,0,24.0,26.5,31.0,29.2,-12,120,132,20,16.7,0,18,3.9,0,0.0,463,49.2,0,2011
Jimmie Johnson,6,9.4,8.3,12.2,9.5,314,2983,2669,2184,73.2,866,8803,84.5,1315,12.6,10418,107.7,6622,2010
Denny Hamlin,8,17.2,13.8,12.9,13.9,404,3176,2772,1811,57.0,653,6644,63.1,1184,11.2,10530,96.2,6583,2010
Kevin Harvick,3,21.0,12.3,8.7,12.4,500,3268,2768,1969,60.3,368,6931,65.1,357,3.4,10645,98.0,6581,2010
Carl Edwards,2,15.2,12.9,11.8,13.2,82,2866,2784,1818,63.4,321,7671,72.5,427,4.0,10575,91.8,6393,2010
Matt Kenseth,0,19.4,13.8,12.8,14.8,61,3183,3122,1670,52.5,205,6453,59.9,108,1.0,10770,85.9,6294,2010
Greg Biffle,2,15.9,15.4,15.4,14.7,-12,3043,3055,1681,55.2,381,5673,54.5,543,5.2,10410,88.4,6247,2010
Tony Stewart,2,13.2,12.6,13.9,13.0,80,2773,2693,1515,54.6,387,6866,63.9,537,5.0,10738,91.2,6221,2010
Kyle Busch,3,15.8,10.4,14.0,11.9,335,3190,2855,2039,63.9,648,8015,75.6,1271,12.0,10607,98.2,6182,2010
Jeff Gordon,0,12.7,9.9,13.4,10.8,-55,2811,2866,1993,70.9,602,8302,78.7,919,8.7,10545,98.5,6176,2010
Clint Bowyer,2,14.9,14.1,14.4,14.4,155,2947,2792,1801,61.1,358,6807,67.2,400,3.9,10133,91.7,6155,2010
Kurt Busch,2,11.1,15.3,15.3,14.0,37,3062,3025,1964,64.1,363,6991,66.3,842,8.0,10540,90.9,6142,2010
Jeff Burton,0,16.6,11.0,15.1,12.1,380,3508,3128,2382,67.9,530,7921,75.0,539,5.1,10556,96.2,6033,2010
Mark Martin,0,14.9,15.7,15.3,15.9,20,2984,2964,1292,43.3,247,5367,50.4,148,1.4,10646,82.8,4364,2010
Jamie McMurray,3,13.4,14.3,16.4,15.3,79,3054,2975,1550,50.8,321,5919,55.8,346,3.3,10603,86.5,4325,2010
Ryan Newman,1,11.9,16.0,15.7,16.0,-205,2815,3020,1379,49.0,111,6449,61.3,63,0.6,10522,82.2,4302,2010
Joey Logano,0,16.2,16.9,16.8,16.9,-24,3434,3458,1829,53.3,177,5496,52.0,53,0.5,10564,80.3,4185,2010
Juan Pablo Montoya,1,11.6,13.2,18.0,13.7,14,2826,2812,1928,68.2,407,7148,70.0,411,4.0,10217,90.9,4118,2010
David Reutimann,1,15.6,18.3,18.1,17.3,-47,3226,3273,1901,58.9,239,5805,57.7,104,1.0,10055,82.7,4024,2010
AJ Allmendinger,0,16.1,18.6,17.8,17.8,113,3317,3204,1359,41.0,190,4714,46.2,181,1.8,10196,79.1,3998,2010
Kasey Kahne,0,13.5,16.5,18.9,16.7,152,3443,3291,1902,55.2,370,5000,48.5,350,3.4,10309,82.8,3961,2010
Dale Earnhardt Jr.,0,19.0,18.8,18.6,18.9,33,3655,3622,1599,43.7,198,4121,38.5,185,1.7,10710,75.7,3953,2010
Martin Truex Jr.,0,17.1,15.1,18.8,16.6,-55,3290,3345,1727,52.5,260,5454,52.8,88,0.9,10327,82.2,3916,2010
Paul Menard,0,19.6,20.5,19.8,19.3,-247,3455,3702,1280,37.0,81,3717,34.8,17,0.2,10669,70.9,3776,2010
David Ragan,0,22.5,22.1,21.3,21.9,-22,3565,3587,1287,36.1,19,1986,18.8,13,0.1,10541,66.2,3599,2010
Brad Keselowski,0,23.0,22.1,22.4,22.1,-70,3277,3347,1007,30.7,90,2293,22.0,41,0.4,10410,65.1,3485,2010
Marcos Ambrose,0,21.8,22.1,22.6,21.5,192,3245,3053,992,30.6,139,2740,27.3,84,0.8,10027,68.9,3422,2010
Elliott Sadler,0,24.8,25.7,24.8,24.9,-109,3443,3552,1246,36.2,53,1178,11.4,32,0.3,10363,58.9,3234,2010
Regan Smith,0,24.6,24.7,24.5,25.4,-215,2755,2970,568,20.6,50,793,7.8,4,0.0,10208,58.4,3229,2010
Sam Hornish Jr.,0,20.8,25.6,24.9,24.4,-276,3112,3388,968,31.1,96,1436,14.0,50,0.5,10260,61.5,3214,2010
Scott Speed,0,24.1,26.1,25.1,25.7,-286,3535,3821,727,20.6,54,693,6.6,21,0.2,10472,57.3,3178,2010
Bobby Labonte,0,31.7,31.3,30.6,31.2,-171,2456,2627,442,18.0,20,206,2.4,8,0.1,8584,45.9,2583,2010
David Gilliland,0,36.0,31.4,29.3,31.1,87,1848,1761,268,14.5,46,176,1.8,8,0.1,9696,43.2,2445,2010
Travis Kvapil,0,37.2,31.6,29.5,31.9,25,1807,1782,235,13.0,37,117,1.2,9,0.1,9694,41.8,2426,2010
Robby Gordon,0,33.8,30.6,29.1,30.8,141,2028,1887,391,19.3,71,335,5.0,10,0.1,6669,47.3,2028,2010
Kevin Conway,0,40.3,36.0,32.6,36.0,-69,576,645,9,1.6,3,26,0.4,1,0.0,6896,32.5,1830,2010
Casey Mears,0,27.1,30.4,29.5,29.7,-93,1340,1433,210,15.7,22,131,2.4,2,0.0,5507,49.6,1573,2010
Dave Blaney,0,32.0,38.5,38.2,38.2,-228,615,843,39,6.3,6,21,0.6,4,0.1,3707,34.2,1416,2010
Joe Nemechek,0,29.3,39.9,40.0,39.4,-370,438,808,13,3.0,7,21,0.9,5,0.2,2326,33.2,1361,2010
Reed Sorenson,0,28.4,28.5,26.4,28.1,6,1089,1083,230,21.1,22,370,9.9,5,0.1,3733,52.9,1355,2010
Brian Vickers,0,21.6,20.0,20.0,19.5,97,1320,1223,787,59.6,38,1679,47.8,27,0.8,3510,74.8,1158,2010
Bill Elliott,0,29.8,28.7,26.1,29.4,-40,949,989,119,12.5,15,85,2.6,1,0.0,3315,50.8,1107,2010
Mike Bliss,0,33.6,36.1,34.0,36.0,-111,790,901,291,36.8,12,123,5.1,2,0.1,2394,38.9,1050,2010
Max Papis,0,32.4,37.9,36.6,37.1,-74,358,432,19,5.3,2,17,0.7,0,0.0,2433,34.4,907,2010
J.J. Yeley,0,35.2,38.5,37.1,38.1,-109,274,383,9,3.3,3,7,0.3,2,0.1,2021,33.8,891,2010
Michael McDowell,0,31.6,40.8,40.7,40.2,-248,281,529,47,16.7,15,26,1.7,8,0.5,1503,31.8,879,2010
David Stremme,0,36.4,32.9,29.6,31.9,-11,563,574,22,3.9,8,23,0.7,2,0.1,3176,43.3,825,2010
Landon Cassill,0,33.4,39.4,39.5,38.7,-102,197,299,16,8.1,0,17,1.1,1,0.1,1578,33.3,717,2010
Aric Almirola,0,27.7,28.9,28.8,29.3,-25,917,942,326,35.6,36,395,22.5,2,0.1,1756,54.5,704,2010
Tony Raines,0,40.8,34.3,34.6,35.2,2,242,240,8,3.3,5,3,0.1,0,0.0,2671,35.2,534,2010
Patrick Carpentier,0,30.8,33.3,28.8,30.7,-34,344,378,70,20.3,3,50,3.5,12,0.8,1428,43.1,474,2010
Andy Lally,0,38.6,35.1,32.1,33.8,50,320,270,53,16.6,1,29,2.1,4,0.3,1358,36.8,471,2010
Boris Said,0,32.2,26.7,30.2,29.6,24,218,194,67,30.7,2,142,15.5,9,1.0,917,51.6,448,2010
Todd Bodine,0,38.3,39.1,39.4,39.2,3,61,58,0,0.0,0,2,0.7,0,0.0,294,32.3,313,2010
Robert Richardson,0,36.8,34.5,29.3,34.9,-22,223,245,6,2.7,8,3,0.4,0,0.0,739,40.1,301,2010
Michael Waltrip,0,36.3,35.5,31.5,30.9,46,654,608,268,41.0,21,82,15.6,7,1.3,526,56.1,284,2010
P.J. Jones,0,39.3,39.3,38.5,38.8,-4,41,45,0,0.0,0,1,0.4,0,0.0,231,29.2,190,2010
Jeff Green,0,30.0,34.7,33.7,34.6,-35,58,93,0,0.0,0,1,0.1,0,0.0,981,41.3,186,2010
Mattias Ekstrom,0,40.0,26.0,26.0,25.1,26,111,85,26,23.4,3,47,9.3,7,1.4,506,60.6,175,2010
Terry Cook,0,41.3,37.0,36.7,37.4,8,28,20,0,0.0,1,4,0.5,1,0.1,744,30.0,164,2010
Johnny Sauter,0,35.3,41.3,41.5,39.2,-32,225,257,59,26.2,1,18,5.8,0,0.0,310,33.2,154,2010
Chad McCumbee,0,30.5,39.5,32.0,38.2,-23,107,130,10,9.3,4,2,1.0,0,0.0,210,35.0,134,2010
Steve Park,0,39.0,33.0,13.0,29.5,-20,72,92,4,5.6,1,20,12.0,1,0.6,166,58.6,129,2010
Jan Magnussen,0,32.0,21.0,12.0,22.2,24,103,79,32,31.1,1,20,18.2,0,0.0,110,70.9,127,2010
Scott Riggs,0,33.5,32.0,35.0,33.8,18,78,60,12,15.4,0,6,1.5,0,0.0,409,41.5,116,2010
Ken Schrader,0,38.0,25.0,18.0,26.4,-19,44,63,1,2.3,0,18,3.6,7,1.4,499,53.5,114,2010
Trevor Bayne,0,28.0,16.0,17.0,22.6,36,140,104,22,15.7,0,14,4.2,0,0.0,334,65.9,112,2010
Hermie Sadler,0,42.0,27.0,26.0,31.2,-4,18,22,0,0.0,0,0,0.0,0,0.0,496,38.3,85,2010
Terry Labonte,0,40.0,40.0,40.5,40.2,1,10,9,0,0.0,1,0,0.0,0,0.0,333,26.8,83,2010
Jacques Villeneuve,0,43.0,29.0,29.0,28.2,0,33,33,0,0.0,0,0,0.0,0,0.0,157,44.9,76,2010
Jason Leffler,0,34.0,43.0,43.0,42.3,-17,27,44,0,0.0,0,0,0.0,0,0.0,53,29.3,68,2010
John Andretti,0,33.0,33.0,38.0,33.4,-7,54,61,0,0.0,1,0,0.0,0,0.0,117,44.6,49,2010
Ron Fellows,0,21.0,38.0,40.0,32.0,-23,17,40,0,0.0,0,0,0.0,0,0.0,46,45.4,43,2010
Geoff Bodine,0,40.0,41.0,41.0,40.5,-3,7,10,0,0.0,0,1,4.3,0,0.0,23,31.5,40,2010
Jeff Fuller,0,13.0,43.0,43.0,43.0,-30,0,30,0,,0,0,0.0,0,0.0,2,25.3,34,2010
Brendan Gaughan,0,41.0,43.0,43.0,43.0,2,5,3,0,0.0,0,0,0.0,0,0.0,1,25.3,34,2010
Jimmie Johnson,7,8.3,9.2,11.1,8.7,260,2299,2039,1668,72.6,1299,8768,85.1,2238,21.7,10298,112.2,6652,2009
Mark Martin,5,9.8,10.5,13.7,11.4,60,1957,1897,1337,68.3,661,8643,86.6,805,8.1,9979,100.3,6511,2009
Jeff Gordon,1,10.9,10.7,10.2,10.6,100,2293,2193,1599,69.7,612,8333,80.1,827,8.0,10398,101.8,6473,2009
Kurt Busch,2,13.4,10.9,12.8,10.5,227,2677,2450,1827,68.2,570,8245,79.8,738,7.1,10334,101.2,6446,2009
Denny Hamlin,4,14.4,8.6,13.2,11.5,248,2347,2099,1702,72.5,616,7929,79.0,1380,13.8,10031,102.4,6335,2009
Tony Stewart,4,12.3,10.8,10.4,11.7,400,2625,2225,1446,55.1,357,7217,68.9,414,4.0,10468,99.4,6309,2009
Greg Biffle,0,13.9,13.9,14.0,14.7,-274,2688,2962,1213,45.1,439,6008,58.7,551,5.4,10241,88.3,6292,2009
Juan Pablo Montoya,0,12.8,14.8,14.3,13.9,259,3192,2933,1966,61.6,400,6791,65.7,388,3.8,10336,92.9,6252,2009
Ryan Newman,0,14.3,17.2,14.7,16.5,41,2900,2859,1201,41.4,125,5937,56.7,214,2.0,10468,82.1,6175,2009
Kasey Kahne,2,11.8,15.7,15.3,15.0,-18,2621,2639,1343,51.2,314,6064,59.6,248,2.4,10180,87.5,6128,2009
Carl Edwards,0,19.7,13.8,15.1,15.5,237,2715,2478,1507,55.5,246,5976,58.5,164,1.6,10218,87.3,6118,2009
Brian Vickers,1,14.8,17.6,17.3,16.8,125,2976,2851,1522,51.1,201,4848,47.8,101,1.0,10135,82.3,5929,2009
Kyle Busch,4,12.3,12.6,15.4,12.4,141,2660,2519,1558,58.6,398,7352,71.6,1157,11.3,10272,97.8,4457,2009
Matt Kenseth,2,21.4,14.9,15.4,16.4,32,3203,3171,1787,55.8,171,5014,49.8,245,2.4,10070,83.2,4389,2009
Clint Bowyer,0,16.6,16.0,14.9,16.2,105,2705,2600,1255,46.4,129,6184,60.9,41,0.4,10157,83.5,4359,2009
David Reutimann,1,15.9,16.5,16.4,15.7,155,3152,2997,1371,43.5,179,6132,58.9,101,1.0,10408,81.6,4221,2009
Jeff Burton,0,24.8,16.4,18.0,18.1,149,3192,3043,1445,45.3,191,4891,47.1,96,0.9,10382,76.8,4022,2009
Marcos Ambrose,0,19.3,20.9,19.6,20.8,-76,3101,3177,1032,33.3,185,3504,34.6,19,0.2,10130,70.9,3830,2009
Kevin Harvick,0,20.9,19.3,19.9,18.8,193,2708,2515,1157,42.7,173,5022,49.1,159,1.6,10237,75.7,3796,2009
Joey Logano,1,20.5,22.4,20.0,22.2,110,3317,3207,1096,33.0,56,2402,24.0,36,0.4,9997,67.7,3791,2009
Casey Mears,0,26.1,23.6,19.8,22.8,44,3240,3196,1194,36.9,32,2484,24.1,24,0.2,10323,65.6,3759,2009
Jamie McMurray,1,22.6,23.5,21.4,21.9,73,2716,2643,831,30.6,76,3182,31.6,33,0.3,10077,70.3,3604,2009
Martin Truex Jr.,0,16.4,18.3,21.9,17.8,-100,3099,3199,1208,39.0,186,4690,46.3,184,1.8,10133,76.3,3503,2009
AJ Allmendinger,0,22.8,24.4,22.4,23.2,97,2591,2494,710,27.4,90,2581,25.3,0,0.0,10208,66.6,3476,2009
Dale Earnhardt Jr.,0,22.2,17.3,23.3,18.4,211,3186,2975,1539,48.3,236,4678,46.1,146,1.4,10141,76.3,3422,2009
Elliott Sadler,0,28.7,27.2,23.9,26.5,-245,2993,3238,750,25.1,52,1109,11.0,49,0.5,10122,55.5,3350,2009
David Ragan,0,26.9,21.1,24.4,22.9,-166,3288,3454,1231,37.4,24,1788,18.0,4,0.0,9919,63.0,3252,2009
Sam Hornish Jr.,0,23.4,25.0,25.0,24.1,-66,2622,2688,711,27.1,85,2084,22.4,3,0.0,9322,63.7,3203,2009
Reed Sorenson,0,26.3,26.1,25.3,26.1,-36,2693,2729,395,14.7,66,1137,11.6,5,0.1,9823,56.7,3147,2009
Bobby Labonte,0,26.4,27.1,25.7,26.8,-63,2761,2824,435,15.8,37,1059,11.2,15,0.2,9481,55.8,3128,2009
Paul Menard,0,31.0,27.5,26.9,27.7,-144,2418,2562,365,15.1,36,968,9.6,7,0.1,10113,50.6,2979,2009
David Stremme,0,24.7,22.5,25.0,23.0,-30,3317,3347,888,26.8,55,1915,20.6,14,0.2,9281,63.0,2919,2009
Michael Waltrip,0,30.5,29.9,27.1,29.6,-28,2651,2679,500,18.9,58,611,6.6,23,0.2,9233,49.7,2839,2009
Robby Gordon,0,30.1,28.1,28.5,29.0,24,2625,2601,433,16.5,75,395,4.5,10,0.1,8714,51.5,2699,2009
Scott Speed,0,23.7,30.4,29.0,29.4,-414,2377,2791,281,11.8,43,398,4.2,19,0.2,9439,47.1,2690,2009
John Andretti,0,36.5,32.5,29.3,32.8,-134,1829,1963,117,6.4,24,168,1.7,9,0.1,9630,39.6,2597,2009
David Gilliland,0,29.0,33.4,33.9,32.8,-158,1270,1428,157,12.4,41,488,8.1,5,0.1,6011,45.0,1928,2009
Brad Keselowski,1,23.3,24.2,21.5,23.3,107,1954,1847,745,38.1,35,1019,25.8,9,0.2,3942,64.1,1528,2009
Regan Smith,0,30.4,28.2,27.7,29.2,-104,1529,1633,236,15.4,33,231,4.9,0,0.0,4720,48.5,1440,2009
Joe Nemechek,0,30.5,39.5,39.5,39.1,-324,632,956,199,31.5,32,129,6.2,2,0.1,2093,32.4,1342,2009
Dave Blaney,0,31.6,41.3,41.1,40.6,-199,276,475,17,6.2,2,53,4.7,3,0.3,1130,30.8,1204,2009
Bill Elliott,0,21.8,26.6,23.9,25.8,-61,837,898,103,12.3,14,260,8.9,0,0.0,2911,56.6,1095,2009
Max Papis,0,33.3,33.3,31.1,33.3,-88,682,770,112,16.4,4,167,4.8,0,0.0,3470,39.9,1047,2009
Mike Bliss,0,25.2,39.0,39.5,38.5,-224,208,432,23,11.1,4,75,6.3,0,0.0,1183,33.4,577,2009
Tony Raines,0,41.0,40.8,39.8,40.7,-21,74,95,0,0.0,0,2,0.2,0,0.0,1037,28.2,528,2009
Aric Almirola,0,30.1,31.3,32.4,32.5,0,462,462,31,6.7,21,39,1.6,0,0.0,2473,43.6,527,2009
Erik Darnell,0,37.0,34.9,31.9,33.5,13,411,398,24,5.8,19,6,0.3,0,0.0,1936,40.4,472,2009
Scott Riggs,0,33.8,37.5,35.9,35.9,-60,337,397,52,15.4,8,29,1.8,3,0.2,1582,39.7,448,2009
Travis Kvapil,0,28.3,35.8,33.3,33.3,-64,219,283,8,3.7,3,78,6.8,0,0.0,1146,46.9,378,2009
Patrick Carpentier,0,36.3,36.7,34.8,35.2,-36,156,192,43,27.6,9,50,17.1,0,0.0,293,41.0,351,2009
Terry Labonte,0,39.5,37.2,35.8,37.2,-29,215,244,21,9.8,1,10,0.9,1,0.1,1115,32.5,338,2009
Michael McDowell,0,38.1,40.5,40.8,40.3,-41,86,127,0,0.0,0,0,0.0,0,0.0,375,29.8,326,2009
Sterling Marlin,0,39.6,39.0,39.3,38.9,-38,63,101,0,0.0,11,5,0.7,0,0.0,716,30.8,316,2009
Jeremy Mayfield,0,32.8,35.8,35.8,35.2,-78,318,396,24,7.5,16,19,1.4,2,0.1,1362,37.8,288,2009
Mike Skinner,0,35.6,40.8,41.0,40.5,-32,32,64,0,0.0,0,2,1.1,0,0.0,185,27.5,200,2009
Ron Fellows,0,33.0,34.0,28.0,27.8,21,106,85,25,23.6,0,37,18.8,0,0.0,197,51.2,158,2009
Boris Said,0,9.0,5.0,29.0,16.1,-21,119,140,27,22.7,1,105,56.1,0,0.0,187,83.6,152,2009
Todd Bodine,0,34.0,38.7,40.7,38.4,-21,67,88,18,26.9,0,28,9.7,0,0.0,288,34.7,123,2009
Robert Richardson,0,41.0,35.0,18.0,30.7,4,259,255,5,1.9,10,2,1.0,0,0.0,191,48.7,109,2009
Andy Lally,0,15.0,20.0,27.0,24.4,6,38,32,6,15.8,0,4,4.4,0,0.0,90,54.0,82,2009
Mike Wallace,0,36.0,41.0,41.0,40.9,-10,12,22,0,0.0,0,0,0.0,0,0.0,61,29.7,80,2009
Scott Wimmer,0,26.0,35.0,29.0,32.9,-10,27,37,0,0.0,0,2,0.4,0,0.0,496,40.6,76,2009
Dexter Bean,0,43.0,37.0,36.0,37.0,5,9,4,0,0.0,0,0,0.0,0,0.0,196,29.1,55,2009
P.J. Jones,0,38.0,42.0,42.0,41.9,-11,8,19,0,0.0,0,0,0.0,0,0.0,15,29.9,40,2009
Brandon Ash,0,43.0,19.0,41.0,34.9,-26,77,103,5,6.5,0,4,4.3,0,0.0,94,28.0,40,2009
Derrike Cope,0,43.0,42.0,42.0,42.0,3,8,5,0,0.0,0,0,0.0,0,0.0,31,26.4,37,2009
Tony Ave,0,43.0,43.0,43.0,42.9,0,1,1,0,0.0,0,0,0.0,0,0.0,8,27.8,34,2009
Jimmie Johnson,7,8.5,11.6,10.5,10.1,124,2157,2033,1379,63.9,937,8360,78.5,1959,18.4,10643,107.3,6684,2008
Carl Edwards,9,12.3,10.3,9.5,10.3,300,2118,1818,1352,63.8,1091,8426,79.5,1282,12.1,10603,108.6,6615,2008
Greg Biffle,2,13.8,12.9,12.9,13.2,-139,2418,2557,1338,55.3,501,7582,72.5,465,4.4,10456,93.4,6467,2008
Kevin Harvick,0,17.6,14.0,12.4,13.8,350,2912,2562,1443,49.6,260,7399,70.3,192,1.8,10525,91.0,6408,2008
Clint Bowyer,1,20.8,15.2,14.1,16.6,178,2691,2513,1073,39.9,241,6264,58.8,188,1.8,10655,82.8,6381,2008
Jeff Burton,2,20.8,13.3,12.5,13.7,375,3031,2656,1605,53.0,169,7445,71.7,140,1.3,10388,89.2,6335,2008
Jeff Gordon,0,10.7,12.0,14.5,12.0,133,2198,2065,1454,66.2,394,8259,80.4,447,4.4,10269,95.8,6316,2008
Denny Hamlin,1,15.3,11.3,15.4,13.6,298,2645,2347,1669,63.1,531,7440,73.4,766,7.6,10139,94.4,6214,2008
Tony Stewart,1,17.1,13.0,14.9,13.2,440,2601,2161,1474,56.7,404,7305,70.7,633,6.1,10333,93.2,6202,2008
Kyle Busch,8,11.9,11.1,12.5,11.6,193,2516,2323,1627,64.7,707,7779,75.4,1673,16.2,10312,103.9,6186,2008
Matt Kenseth,0,16.5,15.4,16.4,15.7,291,2503,2212,1576,63.0,333,6586,63.8,604,5.9,10322,89.0,6184,2008
Dale Earnhardt Jr.,1,10.3,11.4,14.1,11.6,213,2368,2155,1623,68.5,614,7651,72.4,896,8.5,10574,99.0,6127,2008
David Ragan,0,17.4,15.3,15.6,16.3,262,3055,2793,1746,57.2,144,5893,55.3,27,0.3,10661,81.8,4299,2008
Kasey Kahne,2,16.1,18.7,18.1,17.7,140,2858,2718,1400,49.0,319,5117,50.0,186,1.8,10227,81.1,4085,2008
Martin Truex Jr.,0,17.1,16.2,18.3,15.8,-192,2607,2799,1304,50.0,169,6401,63.1,58,0.6,10144,83.3,3839,2008
Jamie McMurray,0,20.1,18.6,20.1,19.0,98,2711,2613,976,36.0,202,4846,46.8,168,1.6,10344,77.0,3809,2008
Ryan Newman,1,16.2,20.4,20.3,19.3,-28,2703,2731,1122,41.5,121,4804,47.2,70,0.7,10184,75.5,3735,2008
Kurt Busch,1,20.4,21.6,21.9,21.0,107,2486,2379,975,39.2,144,4122,40.1,164,1.6,10272,73.8,3635,2008
Brian Vickers,0,21.7,19.6,20.7,18.9,79,2627,2548,1295,49.3,225,3982,39.7,232,2.3,10040,77.2,3580,2008
Casey Mears,0,22.3,19.9,22.1,21.2,19,2700,2681,941,34.9,93,3417,34.4,85,0.9,9936,68.0,3527,2008
Bobby Labonte,0,24.6,23.8,22.6,24.1,-192,2839,3031,671,23.6,43,1774,16.7,4,0.0,10617,60.9,3448,2008
David Reutimann,0,24.5,20.6,23.3,21.9,1,2834,2833,853,30.1,155,3354,32.1,118,1.1,10433,66.7,3397,2008
Travis Kvapil,0,26.1,24.9,23.3,25.2,-18,2969,2987,958,32.3,66,1724,16.4,15,0.1,10519,60.4,3384,2008
Elliott Sadler,0,18.5,23.7,23.7,23.8,-296,2706,3002,986,36.4,57,2547,25.8,21,0.2,9865,65.6,3364,2008
Juan Pablo Montoya,0,23.3,21.8,23.9,21.2,57,3090,3033,1178,38.1,84,3537,34.3,14,0.1,10316,68.0,3329,2008
Paul Menard,0,24.4,24.9,25.4,25.8,-184,2785,2969,706,25.4,23,984,9.5,28,0.3,10383,56.7,3151,2008
David Gilliland,0,29.8,23.5,26.2,24.9,102,2981,2879,568,19.1,75,1127,11.1,3,0.0,10108,59.2,3064,2008
Mark Martin,0,11.5,16.8,13.3,13.8,-96,1479,1575,802,54.2,175,4321,61.5,124,1.8,7023,90.0,3022,2008
Michael Waltrip,0,30.5,28.0,28.2,28.6,-8,2811,2819,509,18.1,96,731,7.1,20,0.2,10329,50.5,2889,2008
Dave Blaney,0,26.9,25.8,27.5,26.0,-129,2408,2537,533,22.1,46,1937,19.4,9,0.1,9984,55.6,2851,2008
Scott Riggs,0,25.7,28.0,25.8,27.5,-233,2510,2743,511,20.4,45,920,9.2,16,0.2,10036,56.2,2797,2008
Reed Sorenson,0,26.6,29.0,28.0,27.9,-192,2536,2728,700,27.6,33,1150,11.5,13,0.1,10001,53.2,2795,2008
Robby Gordon,0,30.9,30.5,29.0,30.8,33,2522,2489,353,14.0,58,390,3.9,4,0.0,9881,48.9,2770,2008
Regan Smith,0,25.8,30.1,28.2,29.4,-401,2518,2919,399,15.8,35,962,9.3,2,0.0,10328,48.6,2672,2008
Sam Hornish Jr.,0,28.0,31.1,29.6,30.3,-61,2103,2164,412,19.6,80,569,6.1,2,0.0,9370,49.6,2523,2008
AJ Allmendinger,0,25.3,24.2,24.7,24.5,189,1741,1552,466,26.8,49,1809,25.8,9,0.1,7011,64.7,2436,2008
Joe Nemechek,0,31.2,36.0,33.7,34.9,-206,1589,1795,255,16.0,22,194,2.4,2,0.0,8223,37.7,1989,2008
Patrick Carpentier,0,25.2,31.3,29.6,31.1,-235,1233,1468,136,11.0,14,307,4.9,11,0.2,6308,46.0,1794,2008
Bill Elliott,0,30.0,32.4,29.0,31.8,-120,994,1114,135,13.6,17,369,5.7,1,0.0,6517,43.8,1528,2008
Michael McDowell,0,32.4,31.0,30.2,31.5,-217,1280,1497,147,11.5,23,219,4.0,3,0.1,5419,44.0,1466,2008
J.J. Yeley,0,32.9,29.6,29.9,30.2,9,1102,1093,62,5.6,15,59,1.2,1,0.0,4931,48.2,1263,2008
Aric Almirola,0,20.6,25.8,24.8,24.9,-61,948,1009,308,32.5,40,1185,33.3,56,1.6,3562,65.1,1075,2008
Ken Schrader,0,29.8,33.1,31.3,31.9,-61,690,751,87,12.6,27,395,7.7,1,0.0,5136,43.6,1040,2008
Kyle Petty,0,34.7,36.0,34.8,36.9,-160,523,683,21,4.0,3,22,0.5,0,0.0,4759,32.1,879,2008
Marcos Ambrose,0,29.4,27.1,29.1,28.6,26,579,553,82,14.2,20,180,7.4,0,0.0,2448,53.7,844,2008
Terry Labonte,0,31.1,33.3,27.3,31.7,-69,664,733,99,14.9,6,42,2.1,0,0.0,1968,44.0,811,2008
Tony Raines,0,28.9,33.3,30.1,32.1,-96,679,775,112,16.5,3,72,2.2,0,0.0,3289,42.0,800,2008
Mike Skinner,0,26.5,34.2,32.1,33.0,-57,646,703,56,8.7,12,62,1.8,0,0.0,3525,43.2,734,2008
Dario Franchitti,0,28.3,34.8,34.3,34.2,-112,320,432,19,5.9,5,122,4.4,1,0.0,2785,40.8,606,2008
Jeremy Mayfield,0,29.8,33.9,30.3,32.9,-77,305,382,20,6.6,10,164,6.0,0,0.0,2734,42.9,578,2008
Sterling Marlin,0,23.9,35.6,33.2,34.4,-107,622,729,67,10.8,3,82,3.6,0,0.0,2271,38.1,482,2008
Chad McCumbee,0,37.7,36.8,32.3,36.6,-14,236,250,29,12.3,4,5,0.3,0,0.0,1807,34.8,396,2008
Johnny Sauter,0,37.3,34.9,34.4,34.9,-12,326,338,11,3.4,4,16,0.6,0,0.0,2614,39.6,387,2008
Dale Jarrett,0,30.6,29.8,30.2,30.0,8,337,329,33,9.8,12,18,1.2,3,0.2,1496,46.2,367,2008
Scott Speed,0,28.4,33.2,30.6,31.8,-50,227,277,45,19.8,5,104,6.2,2,0.1,1683,41.9,366,2008
Ron Fellows,0,27.0,17.0,21.0,17.2,41,105,64,35,33.3,1,89,44.1,0,0.0,202,78.9,200,2008
Brad Keselowski,0,34.0,29.5,21.0,29.0,25,156,131,22,14.1,3,6,1.0,0,0.0,598,51.0,200,2008
Boris Said,0,20.3,33.0,33.3,31.0,-54,154,208,29,18.8,3,30,9.0,2,0.6,333,50.3,194,2008
Jason Leffler,0,30.0,30.7,33.0,31.5,-65,161,226,1,0.6,3,11,1.9,0,0.0,567,41.1,192,2008
Jon Wood,0,20.3,41.0,34.0,39.1,-53,86,139,0,0.0,7,0,0.0,0,0.0,488,29.8,183,2008
Kenny Wallace,0,15.5,26.5,27.5,31.4,-66,261,327,17,6.5,3,32,9.7,3,0.9,331,46.4,166,2008
John Andretti,0,33.7,37.7,38.3,36.6,-22,134,156,13,9.7,2,8,1.2,1,0.1,692,31.8,149,2008
Mike Wallace,0,23.0,34.5,30.5,28.5,-7,214,221,152,71.0,4,53,10.7,0,0.0,495,49.6,143,2008
Joey Logano,0,37.0,41.0,37.0,39.2,-11,134,145,7,5.2,0,0,0.0,0,0.0,887,29.7,113,2008
Max Papis,0,35.0,34.0,39.0,33.9,-23,71,94,10,14.1,3,3,1.6,0,0.0,192,37.6,92,2008
David Stremme,0,43.0,29.0,28.0,20.4,26,278,252,118,42.4,2,62,33.2,2,1.1,187,58.4,84,2008
P.J. Jones,0,38.0,36.0,37.0,33.8,-10,78,88,11,14.1,0,2,2.2,0,0.0,89,36.7,52,2008
Scott Pruett,0,27.0,21.0,38.0,21.9,20,50,30,12,24.0,0,4,3.7,0,0.0,108,53.5,49,2008
Brad Coleman,0,43.0,39.0,38.0,40.4,-1,12,13,0,0.0,0,1,0.5,0,0.0,197,25.9,49,2008
Mike Bliss,0,38.0,36.0,39.0,37.3,0,14,14,0,0.0,0,0,0.0,0,0.0,455,25.4,46,2008
Brian Simo,0,43.0,43.0,43.0,42.4,-2,9,11,0,0.0,0,0,0.0,0,0.0,20,26.9,34,2008
Jimmie Johnson,10,9.8,9.7,10.8,9.3,462,2522,2060,1744,69.2,962,8829,85.6,1290,12.5,10318,110.3,6723,2007
Jeff Gordon,6,11.3,8.0,7.3,9.1,272,2493,2221,1711,68.6,675,8809,86.0,1300,12.7,10240,108.6,6646,2007
Clint Bowyer,1,17.4,14.3,13.8,15.2,310,2678,2368,1106,41.3,257,6254,59.9,387,3.7,10437,87.4,6377,2007
Matt Kenseth,2,19.9,10.4,13.0,12.4,267,2821,2554,1724,61.1,458,7843,76.1,912,8.8,10309,95.9,6298,2007
Kyle Busch,1,15.0,12.3,14.1,12.4,500,2692,2192,1753,65.1,426,7680,74.7,637,6.2,10280,97.8,6293,2007
Tony Stewart,3,17.6,11.3,13.1,11.7,661,2626,1965,1750,66.6,634,7702,74.4,980,9.5,10349,100.9,6242,2007
Jeff Burton,1,18.9,14.3,13.8,15.4,392,2875,2483,1702,59.2,230,6464,63.8,79,0.8,10135,87.9,6231,2007
Kurt Busch,2,13.7,10.2,15.3,11.0,177,2561,2384,1854,72.4,564,8023,78.0,885,8.6,10281,99.7,6231,2007
Carl Edwards,3,16.8,14.7,13.9,14.7,285,2392,2107,1444,60.4,429,7386,74.0,515,5.2,9976,92.9,6222,2007
Kevin Harvick,1,18.4,15.3,15.5,15.5,203,2899,2696,1373,47.4,224,5857,55.9,271,2.6,10481,86.4,6199,2007
Martin Truex Jr.,1,15.2,12.5,16.4,13.6,276,3079,2803,1643,53.4,499,6933,68.4,581,5.7,10134,90.3,6164,2007
Denny Hamlin,1,12.4,12.5,14.0,12.3,328,2657,2329,1804,67.9,486,7519,74.3,905,8.9,10121,97.1,6143,2007
Ryan Newman,0,13.8,14.9,18.6,15.1,-27,2551,2578,1674,65.6,194,6937,70.3,287,2.9,9873,86.5,4046,2007
Greg Biffle,1,19.3,18.3,18.5,18.7,-64,2519,2583,1164,46.2,202,5409,54.3,78,0.8,9967,76.4,3991,2007
Casey Mears,1,19.0,20.8,18.9,20.7,-43,2662,2705,1216,45.7,94,4091,40.3,39,0.4,10157,72.6,3949,2007
Dale Earnhardt Jr.,0,14.7,13.3,18.6,13.2,68,2703,2635,1562,57.8,560,7794,77.8,433,4.3,10014,93.2,3929,2007
Jamie McMurray,1,20.8,20.7,22.2,20.5,-23,2735,2758,1014,37.1,85,3862,38.3,69,0.7,10087,72.4,3556,2007
Bobby Labonte,0,20.2,22.5,22.2,22.3,-31,2543,2574,668,26.3,54,2514,24.9,17,0.2,10109,66.2,3517,2007
Kasey Kahne,0,14.3,23.0,22.2,21.1,-366,2793,3159,1002,35.9,183,3596,35.9,374,3.7,10003,71.5,3489,2007
Juan Pablo Montoya,1,21.5,21.3,22.7,21.5,37,2978,2941,1052,35.3,111,3322,32.9,26,0.3,10091,67.7,3487,2007
J.J. Yeley,0,23.4,23.8,22.6,23.4,-73,2968,3041,799,26.9,64,2531,25.9,11,0.1,9791,64.8,3456,2007
Reed Sorenson,0,24.4,23.0,24.4,23.9,-2,2357,2359,823,34.9,71,2901,31.8,36,0.4,9122,63.9,3275,2007
David Ragan,0,29.1,26.3,24.5,27.3,-18,2698,2716,699,25.9,80,1518,15.4,3,0.0,9845,56.1,3251,2007
David Stremme,0,26.0,22.6,25.2,24.0,110,3103,2993,899,29.0,82,1926,19.5,2,0.0,9889,61.2,3163,2007
Elliott Sadler,0,17.3,28.3,25.5,26.4,-451,2421,2872,725,29.9,75,1811,17.9,61,0.6,10103,59.8,3140,2007
Robby Gordon,0,33.9,29.4,25.8,28.8,-16,2105,2121,331,15.7,105,928,9.6,58,0.6,9656,54.1,3014,2007
Mark Martin,0,16.3,16.3,14.5,16.5,-20,1496,1516,754,50.4,91,3697,57.7,67,1.0,6405,83.1,2960,2007
David Gilliland,0,27.7,27.8,27.4,27.5,-53,2696,2749,787,29.2,47,1031,10.9,18,0.2,9485,54.5,2924,2007
Tony Raines,0,27.8,27.6,25.8,26.6,-114,2409,2523,375,15.6,29,1145,11.5,6,0.1,9988,54.6,2920,2007
Johnny Sauter,0,30.1,29.2,26.9,28.1,-128,2723,2851,679,24.9,66,1250,13.8,5,0.1,9070,52.2,2875,2007
Dave Blaney,0,21.5,25.3,26.9,23.9,-188,2322,2510,797,34.3,46,2143,24.5,42,0.5,8742,62.8,2781,2007
Jeff Green,0,30.9,27.6,26.5,27.5,-7,2621,2628,752,28.7,66,1341,15.5,9,0.1,8664,55.4,2704,2007
Ricky Rudd,0,28.5,26.0,26.3,25.7,32,2471,2439,717,29.0,31,1515,17.3,11,0.1,8771,55.2,2622,2007
Paul Menard,0,29.2,29.4,26.8,29.1,-29,2025,2054,298,14.7,28,436,5.4,3,0.0,8017,49.4,2496,2007
Kyle Petty,0,34.1,32.5,28.3,31.8,-137,1559,1696,113,7.2,42,313,3.8,13,0.2,8237,44.5,2312,2007
Scott Riggs,0,19.2,29.0,27.7,28.6,-351,1412,1763,177,12.5,60,965,12.5,0,0.0,7690,55.3,2135,2007
Joe Nemechek,0,26.8,31.3,29.2,30.8,-179,1811,1990,325,17.9,27,405,5.9,1,0.0,6837,47.0,2117,2007
Brian Vickers,0,23.0,25.1,25.1,24.2,-20,1679,1699,598,35.6,89,1603,27.4,106,1.8,5856,64.4,2065,2007
David Reutimann,0,25.3,29.3,30.4,29.1,-102,2039,2141,486,23.8,34,604,9.1,3,0.0,6618,49.8,1878,2007
Sterling Marlin,0,28.6,24.3,26.8,26.2,-76,1645,1721,452,27.5,18,900,15.5,18,0.3,5808,57.1,1752,2007
Dale Jarrett,0,31.9,31.3,32.3,32.7,-168,1025,1193,84,8.2,9,133,2.3,0,0.0,5771,42.0,1584,2007
Bill Elliott,0,30.3,30.8,28.4,30.5,-192,934,1126,125,13.4,3,184,3.4,5,0.1,5364,44.0,1579,2007
AJ Allmendinger,0,28.7,34.8,31.6,34.2,-92,648,740,57,8.8,19,134,2.5,1,0.0,5373,40.0,1165,2007
Michael Waltrip,0,21.6,29.7,25.0,28.5,-141,889,1030,318,35.8,11,482,12.4,8,0.2,3877,53.6,1149,2007
Jeremy Mayfield,0,29.7,33.4,32.1,32.1,-333,1185,1518,164,13.8,25,438,8.9,6,0.1,4917,41.1,1126,2007
Kenny Wallace,0,29.3,32.1,30.9,32.2,-266,896,1162,105,11.7,6,86,2.0,3,0.1,4268,41.0,1066,2007
Ward Burton,0,26.1,35.6,34.9,34.2,-141,498,639,63,12.7,20,126,3.4,4,0.1,3706,40.6,939,2007
Ken Schrader,0,27.2,27.7,30.7,30.3,-140,650,790,42,6.5,10,450,11.9,3,0.1,3767,45.0,932,2007
John Andretti,0,28.9,34.0,33.7,32.6,-182,633,815,97,15.3,18,163,4.3,2,0.1,3812,41.3,932,2007
Regan Smith,0,19.3,33.9,30.0,30.9,-32,622,654,83,13.3,9,61,3.1,1,0.1,1977,49.5,516,2007
Boris Said,0,24.0,26.0,20.8,26.6,-1,449,450,59,13.1,7,130,14.7,1,0.1,885,63.4,510,2007
Aric Almirola,0,33.2,34.0,34.5,33.6,-68,366,434,25,6.8,3,8,0.6,0,0.0,1357,39.9,357,2007
Mike Bliss,0,27.0,31.3,27.3,28.8,4,134,130,20,14.9,9,244,17.9,0,0.0,1362,52.6,325,2007
Ron Fellows,0,18.5,23.0,9.5,16.8,99,139,40,52,37.4,3,107,53.5,3,1.5,200,89.4,283,2007
P.J. Jones,0,38.0,27.3,24.7,28.4,24,208,184,30,14.4,0,44,11.1,0,0.0,398,51.0,267,2007
Mike Wallace,0,18.5,20.5,11.5,29.0,-15,378,393,72,19.0,3,54,13.8,0,0.0,390,61.1,266,2007
Patrick Carpentier,0,30.7,32.0,31.7,33.5,-45,108,153,2,1.9,0,14,2.2,7,1.1,625,44.0,209,2007
Terry Labonte,0,35.3,29.0,31.7,30.3,-50,120,170,5,4.2,0,3,0.9,0,0.0,349,38.4,204,2007
Johnny Benson,0,27.0,39.3,36.7,37.9,-28,91,119,0,0.0,0,0,0.0,0,0.0,778,34.1,159,2007
Sam Hornish Jr.,0,27.5,35.5,33.5,33.6,12,82,70,0,0.0,0,0,0.0,0,0.0,564,41.0,150,2007
Jacques Villeneuve,0,16.5,35.5,31.0,34.1,-60,166,226,0,0.0,4,2,0.6,0,0.0,324,38.4,140,2007
Chad McCumbee,0,38.5,34.0,33.0,36.3,11,73,62,9,12.3,0,2,0.8,0,0.0,240,38.2,128,2007
Chad Chaffin,0,34.5,39.0,33.5,37.5,-18,46,64,0,0.0,0,0,0.0,0,0.0,556,33.7,125,2007
Mike Skinner,0,14.0,25.0,24.0,26.1,-11,61,72,9,14.8,0,6,1.8,0,0.0,331,52.9,110,2007
Kevin Lepage,0,40.0,38.5,38.5,39.0,0,65,65,3,4.6,0,0,0.0,0,0.0,421,28.4,95,2007
Butch Leitzinger,0,30.0,29.0,28.0,33.5,-5,47,52,0,0.0,0,0,0.0,0,0.0,110,41.7,79,2007
Jon Wood,0,41.0,31.0,29.0,32.0,-13,45,58,0,0.0,1,0,0.0,0,0.0,264,38.0,76,2007
Scott Wimmer,0,22.0,33.0,31.0,25.4,5,26,21,1,3.8,0,21,14.5,0,0.0,145,51.9,70,2007
Marc Goossens,0,21.0,40.0,36.0,36.3,-16,40,56,0,0.0,0,0,0.0,0,0.0,109,31.8,55,2007
